,orderID,namaPesanan,recommendationShown,recommendationAccepted
0,036C3Myv8vFCvnOMFWfi,"['penyetan', 'teh']",False,False
1,07Uk5gPlDrLvT9TzMiiU,"['risol mayo', 'cireng isi']",True,False
2,07xzDQbW3ZdYe2WQdgCv,"['sayur harian', 'sayur harian', 'teh']",True,False
3,08lRV0u0wFZ9g3pYmfoj,"['mie', 'gorengan']",True,False
4,09W1VQcGW0K5rVUOcjIb,['pisang coklat keju'],True,False
5,0AM5MSIzsngCQqv7EifH,"['float', 'pisang coklat keju']",False,False
6,0BEcihNhXB1NZ48BwTon,"['mie', 'teh', 'kopi']",False,False
7,0BjZUjEZAluWHWmVPD9U,['penyetan'],True,True
8,0BnVgILcXiP9lN5WYvXq,['risol mayo'],True,False
9,0C6hnbXmBf59TPxJ1dI1,['mie'],False,False
10,0CLZikW8WeT05ZwHGU7l,['float'],True,False
11,0CW0PRTJ5RGhM4HZH0KT,['teh'],False,False
12,0Clh7uWoKbNfA5D7w2WV,"['sayur harian', 'es jeruk', 'teh', 'sayur harian']",True,True
13,0EOtZqJ9dh0KGaU7lohE,['gorengan'],True,False
14,0FCHQ52IiaeSWDPpHa3J,"['risol mayo', 'float']",True,False
15,0HKZxACP5IVX1PgJRL75,"['mie', 'nasi putih']",True,False
16,0JRDi37VJ2LTKiRpShtO,"['sosis goreng', 'teh']",True,False
17,0LRGzfh8kDtMiGJH7gKZ,['teh'],True,False
18,0M42CYs4wcU13xahxyYX,['kopi'],False,False
19,0M4clAM7aCx5VgqVG8tp,"['teh', 'teh']",False,False
20,0MXp2h4oKkLXzryV8GfY,['kopi'],True,False
21,0NgwBKBGKst7SweI40Sp,['kopi'],False,False
22,0Q1crOV34vrkp8lVftvC,"['sayur harian', 'gorengan']",True,False
23,0RntP7aHxs0hG05BTyEv,"['mie', 'mie', 'teh', 'es jeruk']",False,False
24,0SFIBicV9U4hpkxee92H,['kopi'],True,False
25,0TkOw62zjUyWpTQm1hrz,"['penyetan', 'mie', 'float', 'float']",True,False
26,0TxjyooUoK91VfZRkI7w,['float'],False,False
27,0V8qyYsrQfhP17nirfjM,"['kopi', 'gorengan']",True,False
28,0YPJaQNW2ngyeTEChUKp,['mie'],False,False
29,0Yjjfiu4jfJRQJZHyj7w,['kopi'],True,False
30,0YrfVGiY2tjdGSA5q1oW,"['cireng isi', 'risol mayo']",True,False
31,0ZUR3U0rnMKWr9A1EvhO,"['pisang coklat keju', 'risol mayo', 'gorengan']",True,False
32,0ZoUwPS54Slv4Eg0Aqkz,"['french fries', 'mie', 'teh']",True,True
33,0bxnw9LJ3s1mQmBLai3o,['kopi'],True,False
34,0bzj8ElpKih0oPgVYoC0,"['cireng isi', 'gorengan', 'kopi']",True,False
35,0eBavsyIpLjlUac1fZsD,['teh'],True,False
36,0eE5GMGIf7msLuhLSzM6,"['french fries', 'sosis goreng', 'kopi']",True,False
37,0fJQBAcmp2q3ddBZUrvi,"['gorengan', 'gorengan']",True,False
38,0gKefBj5yzpOmSmw5CX1,['kopi'],False,False
39,0gTvmxEooN6FUHwOr8DF,"['cireng isi', 'sosis goreng']",True,False
40,0hJiZplxd0ULteLfLcb5,['penyetan'],True,False
41,0hPddZ7jkNQMKRS4cmoT,"['nasi goreng', 'teh']",True,True
42,0i4nKqywDpVPdpmTDNqp,['risol mayo'],True,False
43,0ipbNb6wVtmLvIvLEK5S,['cireng isi'],False,False
44,0jAMSvAT0C5DAzmX52hg,"['teh', 'sosis goreng']",True,False
45,0kEJ9aiVgPVnDAW14iuQ,['risol mayo'],True,False
46,0ll8cGGoPDFUay3UtXN0,['mie'],True,False
47,0mUjMNSJC3acBxTq5SgJ,['risol mayo'],False,False
48,0n9IYOQKGgi3MeTzWKzY,"['risol mayo', 'cireng isi']",False,False
49,0nfx6G7DnwNKdNn3qYPB,['teh'],True,False
50,0oPE7SukvPFgomBCPHAu,"['mie', 'sosis goreng', 'es jeruk']",True,False
51,0oYMOfM1VrRBBUcXGSw3,['risol mayo'],True,False
52,0sS4N6lJSYMKPej8eK9J,"['gorengan', 'cireng isi']",True,False
53,0sk2r1bUJuScgm6WWnAv,"['es krim', 'teh', 'float', 'french fries', 'risol mayo', 'gorengan', 'cireng isi']",True,True
54,0t0WsrvCxvdh60RtGBzK,"['nasi goreng', 'telur', 'teh', 'kopi', 'es jeruk', 'penyetan']",True,False
55,0wWuc7MHnJmGgUENHFtt,"['mie', 'teh']",True,True
56,0ybqmVGrBHItrNu1hJG8,['gorengan'],True,False
57,10Hdp6F8ABXKLm3QLpkd,"['mie', 'kopi', 'cireng isi', 'gorengan']",True,False
58,10UX7rHxlOWBJs77LKti,['risol mayo'],True,False
59,10iu3ycfZ90ZXTXLR3Fz,"['gorengan', 'cireng isi']",True,False
60,11n3kklDtXvSPlKOuoUI,"['risol mayo', 'french fries']",False,False
61,12KiLdBDPyooxQBBg9IP,"['penyetan', 'teh', 'gorengan', 'cireng isi', 'sosis goreng']",True,False
62,13gxHfCy3mm8KPP5ED4V,"['penyetan', 'teh', 'kopi', 'mie']",True,False
63,14xXOkwRGXhkCruIu4Y4,"['kopi', 'float']",True,False
64,1864mWICgguSLr2j0Ton,"['penyetan', 'penyetan', 'gorengan']",True,False
65,1885QsWe8CqD7OOUJSZd,"['risol mayo', 'teh']",True,True
66,1APvaPzZHlu2P4ibr1yF,"['mie', 'risol mayo']",False,False
67,1AejBrncsvzBNaDz5FDQ,"['es krim', 'es batu']",True,False
68,1BzHGpSrRnx3o7uJX5J0,"['penyetan', 'es jeruk', 'pisang coklat keju']",False,False
69,1CEjT9Q4LfEVDMMWnTuZ,"['risol mayo', 'cireng isi']",True,False
70,1DWn0Loxn3VgVpxJ81ur,['gorengan'],True,False
71,1E4kYOCELCV2jnz6hsyn,['cireng isi'],True,False
72,1FZz6bW0ITfqOBVdodll,"['sosis goreng', 'teh']",True,False
73,1GRMNf0DG4ZCpi8ZoRtV,['air putih'],True,False
74,1HNBJEGB0lg9ZpMTmRHu,"['teh', 'pisang coklat keju']",True,False
75,1IC6XtCM9pUdU8whtbPk,['gorengan'],True,False
76,1IUnP0xQqrZHR3EyzU27,"['penyetan', 'kopi', 'teh', 'cireng isi', 'risol mayo', 'pisang coklat keju']",True,False
77,1L5sfDf5fO1CYmxb09sK,['penyetan'],False,False
78,1MsREDV9KjqS5MmJ0fcU,['risol mayo'],True,False
79,1OHhoy1zg8wEi54D77xr,"['risol mayo', 'penyetan']",False,False
80,1QxuUpq2I0RqETlexycy,['gorengan'],True,False
81,1RbEgeyVx0SiIb2DUAdQ,"['risol mayo', 'pisang coklat keju']",True,False
82,1Rgb0pBfF9fvdiJQEIby,"['penyetan', 'es jeruk', 'gorengan']",True,False
83,1RpgAkBLVECSrtBUZLFx,"['kopi', 'kopi', 'kopi']",True,False
84,1S86e7ZHltkyAsB2Yk6x,['risol mayo'],True,False
85,1S9BzueZMcj9nQaObYa2,['risol mayo'],True,False
86,1TL7BpcXnjyUiQ3D75nX,['french fries'],True,False
87,1VCqxBpdOMP2AP144Eqh,['risol mayo'],True,False
88,1VIRiUEm1MSZHpXoKySV,['risol mayo'],True,False
89,1Wl9NdGmHbRgYPw9seAY,['pisang coklat keju'],True,False
90,1WmxjMZOa6fpqRjN8vvv,"['risol mayo', 'cireng isi', 'teh']",True,False
91,1WrJcwVYzFqQkcFJAjHh,"['float', 'cireng isi']",False,False
92,1WttfS1cL6OadCAHSChL,"['teh', 'mie']",True,False
93,1XTLBsdyvW9stxTc8sSR,"['kopi', 'teh']",True,False
94,1XkVvmygQ3s7Cw9UlMr4,"['mie', 'nasi putih', 'teh', 'sosis goreng']",True,False
95,1XnH3ie72kYSlE4QGGJz,"['sayur harian', 'gorengan']",True,False
96,1Y5ML2HgWVvbyQH0r3mE,"['mie', 'air putih']",True,False
97,1YJkhSxb6BF7ehHd1XOE,"['sayur harian', 'risol mayo', 'pisang coklat keju']",True,False
98,1YNajgjnkGsIFvA6FiAb,['nasi goreng'],False,False
99,1ZnKjFzDfeWhNlRMNkXk,['cireng isi'],True,True
100,1ZzJ8l4yBerZEcIkBLmR,"['penyetan', 'teh', 'cireng isi']",True,False
101,1brhK3kC4xCwEianGqw9,"['penyetan', 'risol mayo']",False,False
102,1csT2Ml5zUX7i9fB1OPQ,['cireng isi'],True,False
103,1dD817Pbp6hTHv3tZgFQ,"['air putih', 'float', 'cireng isi']",False,False
104,1fUD9ZsIXOz8rjsELn1Y,"['cireng isi', 'gorengan']",True,False
105,1fXrKQAFsbMnIzRsyfqb,"['float', 'gorengan']",True,False
106,1gIw8PY07vH4ox1QKN6h,"['risol mayo', 'cireng isi', 'pisang coklat keju']",True,False
107,1h1OPfREQWHWU4YpRnGZ,['kopi'],True,False
108,1hg2Pr4Pec63vGUTRx18,['teh'],True,False
109,1iqGZeAbUGxLxaXXojuX,"['kopi', 'tahu krispy']",True,False
110,1jQoNYdoLpchDlGfzvSz,"['risol mayo', 'gorengan', 'air putih']",False,False
111,1kugR6zhRwzjOi6BwpM6,['sosis goreng'],False,False
112,1lBd4fDboLlLGsE7gRsX,"['sayur harian', 'air putih']",False,True
113,1lyLxpuqwXkdbiqsx9z0,['kopi'],False,False
114,1m7Otx4m9Nd4jNlyfeWq,"['kopi', 'teh']",True,False
115,1mLIgNZ6WlVZtvMqpcKK,"['kopi', 'cireng isi', 'gorengan']",True,False
116,1nbThTkrWIAyR8HoyLSH,"['nasi goreng', 'penyetan', 'penyetan']",True,True
117,1oNj79GUJyV3m8DiYVAX,['mie'],False,False
118,1reyJU4PdN6cthZSk67t,"['sayur harian', 'gorengan']",True,False
119,1rxsxudCdNw3bEhPWo3n,['risol mayo'],True,True
120,1ulXvJApFMLgg4Rqhcsy,['risol mayo'],True,False
121,1utnvU0r8km8FwwIkDL8,"['float', 'float', 'gorengan', 'pisang coklat keju', 'cireng isi', 'nasi goreng', 'risol mayo', 'float', 'teh']",True,True
122,1vJbaCZAtqVJoapZdW7f,"['nasi goreng', 'gorengan', 'mie', 'nasi putih', 'teh']",True,False
123,1wrOtWCgbbRFWfVxkGnt,"['mie', 'teh']",False,False
124,1wulgn8r3BNSYuqQwCjC,['air putih'],True,False
125,1x7Ma4eE0JIiY9IPTWMV,"['penyetan', 'teh']",True,False
126,1xNUwo0RAlJNWrXK16pm,"['cireng isi', 'es jeruk', 'es krim', 'penyetan']",True,False
127,1ymmBFhZ9uE3rQpUaWQC,"['sayur harian', 'teh']",False,False
128,1zXKEBqF04pnZp3497g5,['kopi'],False,True
129,20ctWfmlbjsnZLmgwxO6,"['pisang coklat keju', 'teh']",True,False
130,20rv9JMtaRAWGAK68HiT,"['mie', 'nasi putih']",True,False
131,26AuCYgLHFWYEq11Gf9z,"['sayur harian', 'es jeruk']",True,False
132,26iaI3JsVDmYTBRw38B0,['teh'],True,False
133,274osXuevVV97leZJHgL,"['penyetan', 'float', 'pisang coklat keju', 'gorengan', 'teh']",True,False
134,27ZM7bRaqcgEiPbxvb8M,['air putih'],True,False
135,28jjEECqIiOqFzYQmrz1,['pisang coklat keju'],True,False
136,2D8tpQofeUu5J0xrMZSB,"['float', 'risol mayo']",True,False
137,2EbMADpM8bZV0wpALtuY,"['mie', 'kopi', 'cireng isi', 'gorengan']",True,False
138,2FRCZLKUxwP8UTGjfCwX,"['kopi', 'kopi']",False,False
139,2GdhzEXEzHjqk0WXOT8l,"['mie', 'mie', 'risol mayo', 'teh', 'cireng isi']",True,False
140,2HBSuwi7c3jkzaf07hB6,"['kopi', 'sosis goreng', 'mie']",True,False
141,2Hnql1g8XTiZALUNeBS9,['risol mayo'],True,False
142,2JqgKvcqWH9KlAq5PGhH,"['teh', 'teh', 'risol mayo', 'pisang coklat keju']",False,False
143,2KAtSAO63VW72vfYKns0,"['penyetan', 'float']",True,True
144,2LHsbzNP5kv2fkAKtTQX,['risol mayo'],True,False
145,2LSUBMQzvxn60VnzgXLR,"['french fries', 'kopi', 'air putih']",False,False
146,2LyRK1I2ZPJg8qfOaDcV,['risol mayo'],True,False
147,2MyqgowqkrBBi4zcS7vH,"['sayur harian', 'es jeruk']",True,False
148,2NPBtDYIKbG7JtdRH4CK,"['gorengan', 'cireng isi']",True,False
149,2NWNVJPH24VdXkfBPsYT,"['mie', 'risol mayo']",True,False
150,2NfPcmaCRV8XJLSTvmWE,"['sayur harian', 'teh']",True,False
151,2P6oAl9l02XgEkk6z1MW,"['pisang coklat keju', 'penyetan', 'teh']",False,False
152,2PNVjIZY9hxzo6aSkEET,['risol mayo'],False,False
153,2QXVTmhXDLsWxBL4SqYY,"['air putih', 'gorengan']",False,False
154,2QlIqnFgGU9vDZR1Z9eI,"['penyetan', 'penyetan', 'teh', 'mie', 'gorengan']",True,False
155,2UVUB4t4naatTvVTkdHJ,['gorengan'],False,False
156,2WJjZX4eho13FjYAbABw,"['sayur harian', 'teh']",True,False
157,2WUGa3UeGwJ68RVqY0Nv,"['gorengan', 'es krim']",True,False
158,2Y4MLh9RsYq4TF94IZab,"['kopi', 'kopi']",False,True
159,2YtkKEawbXq5QTM0keZ7,"['mie', 'float']",True,True
160,2Z97jXzF4tQGPIOMLXKu,['gorengan'],True,False
161,2ZbXw39AqQoUZaXIgnVM,"['teh', 'risol mayo', 'es jeruk']",True,False
162,2dXIOcyKYm1ka7hOP964,"['risol mayo', 'risol mayo', 'gorengan', 'teh']",False,True
163,2ddZAeF4VZfw7UyVGmLo,"['risol mayo', 'teh']",True,False
164,2eFu0XspEBCRlHuavykd,['float'],True,False
165,2gbe3IqxDyQow8sefx0w,['mie'],True,False
166,2ipyWHOGSQw6t2ZUwv89,['mie'],False,False
167,2jBT3ofI6oa2OPEMQp75,['kopi'],False,True
168,2jrbaad0HNOKzwxIvDFs,"['tahu krispy', 'air putih']",False,False
169,2jxAqeOYR8QUQE0DdhiD,"['tahu krispy', 'air putih']",False,False
170,2mHWEEtRrAbXPt0tlxlT,"['kopi', 'risol mayo']",True,False
171,2nJrrBXdDdbS1WNq0PMf,"['mie', 'teh']",True,False
172,2nycu7pPFIBg2T3kOuQM,"['cireng isi', 'gorengan']",True,False
173,2pDs7oGaikO87708OTFc,"['sayur harian', 'kopi', 'mie', 'air putih']",False,False
174,2pXaBE2X5qicOYJvynBc,['pisang coklat keju'],False,False
175,2phHFjSI6s53z68QvNP6,"['mie', 'penyetan', 'es jeruk', 'teh', 'cireng isi', 'gorengan']",True,True
176,2qpmqQtdjaHDAiPmn6hK,"['risol mayo', 'gorengan', 'pisang coklat keju']",False,False
177,2sGn4QJsNF9gYxh46xwh,"['penyetan', 'kopi']",True,False
178,2tcn8wAUI59jjYLxDHvq,['air putih'],True,True
179,2u7SINhkLJowzSgVrh6b,['gorengan'],True,False
180,2ufgNtUOP4cAnzo58S9S,['kopi'],False,False
181,2ufmreKLIfUfVz2vKf0q,"['teh', 'mie']",True,False
182,2uzdCoQmASYtYUEVhj7l,['teh'],False,False
183,2wnSs5eJq1BAqaXgn3MD,"['risol mayo', 'gorengan', 'cireng isi']",True,False
184,2xOxN9m9UjP3Mppp1tVu,"['kopi', 'gorengan']",True,False
185,2xPbuKJq4UcVuG1kPksM,"['pisang coklat keju', 'pisang coklat keju']",True,False
186,2zypvSZQdiGUCgzmIL4N,"['sayur harian', 'gorengan']",True,False
187,30wqOqCxCAyVufjtyK0b,['cireng isi'],True,False
188,30yZ1ebp9OUukqPOutyU,"['air putih', 'float', 'tahu krispy', 'sayur harian', 'es jeruk']",True,False
189,34oYImQJh2H1qKU3rbcc,['mie'],False,True
190,353cbLH8TIdj1TGJwnBa,['cireng isi'],False,False
191,362ZUWahNnurQfqR6Rz0,"['air putih', 'sosis goreng']",True,False
192,36eF16mcEcVK1kNpaRL8,"['cireng isi', 'risol mayo']",True,False
193,37nAdpAe3shdd3Xf52s5,"['french fries', 'teh', 'sayur harian']",False,False
194,38ZTdf4nydiRo6HFENyi,"['risol mayo', 'teh', 'air putih', 'sosis goreng']",True,False
195,38vqd9aAe5pxNhEFldy8,"['french fries', 'es krim']",True,True
196,39ZPmOwLMXQ5RTrswvc7,"['cireng isi', 'risol mayo']",True,True
197,39at2v9bQUuIMwK2FJWg,['kopi'],True,False
198,39cJRrIr1Mjj7z4cr7fm,['kopi'],True,False
199,39tnXoNqauaR8IBvXv3Z,"['mie', 'teh']",True,False
200,3AZWsnA3i6Y899WlPMvF,"['mie', 'mie', 'teh', 'pisang coklat keju', 'sosis goreng', 'cireng isi', 'tahu krispy']",False,False
201,3B7sixyxhGQuVZGoueQz,"['teh', 'gorengan']",False,False
202,3CJHCLSfav8nwH8bFhRk,['air putih'],True,False
203,3CNzGl6ydEdahJfEiOjb,['kopi'],True,False
204,3Ctt2DMRiEWHuTK4VElN,['mie'],False,False
205,3EVz52ebPbSNRWtQXGB8,"['gorengan', 'cireng isi']",True,False
206,3F14DdgyMM1ERXCjXGhk,"['mie', 'gorengan']",True,False
207,3GLs4tu5rZRxmXuMnuEN,"['kopi', 'gorengan', 'tahu krispy']",True,False
208,3H6XSiDM5vhwRlo2fOSW,"['penyetan', 'air putih']",True,False
209,3I0a7PDKbgFAcJW0tUW2,"['french fries', 'teh', 'kopi']",True,False
210,3I8OIPL3dTHHB2E3JBGO,['air putih'],True,False
211,3L7eRXNLSlx93RasAaq0,"['nasi goreng', 'mie', 'telur', 'gorengan', 'cireng isi', 'float']",False,False
212,3LRIGWXOqfdP7bKVRPlZ,"['teh', 'risol mayo']",True,False
213,3Ll40BAoxXwy78oha7j9,['tahu krispy'],False,False
214,3Lxts5lV0KENfBHQ5Kv2,"['nasi goreng', 'float']",True,False
215,3MxUo5MMbLfDvVCNCQJ4,['risol mayo'],True,False
216,3N5BT5KmrQHZM7cyyt7X,"['teh', 'es jeruk']",False,False
217,3N8JlcSwltYuwVWLu1bO,"['es batu', 'pisang coklat keju']",False,False
218,3POwtE10uBolDsC4Y2bR,['teh'],True,False
219,3R4knuJZw46drCGJhaSw,"['penyetan', 'es jeruk', 'gorengan']",False,False
220,3RlUZiQOX7r04kE3AKqy,"['cireng isi', 'pisang coklat keju', 'risol mayo', 'kopi']",True,False
221,3TGs81PTT20E2e2DlqR8,"['sayur harian', 'mie', 'es jeruk']",True,True
222,3Tpsb0F4YPucHI1bTnXE,"['nasi goreng', 'teh', 'gorengan']",True,False
223,3UT080giyVec3wACmzsJ,"['es jeruk', 'kopi']",False,False
224,3ZvJP6EtVnTDZutlRqMS,"['kopi', 'es jeruk', 'penyetan', 'mie']",True,True
225,3aAlJiuMHrRxPJeifzoV,"['penyetan', 'mie', 'teh']",True,False
226,3bI6JkgQDIe6D1eLj0NB,['nasi goreng'],True,False
227,3cHZ8miln2Vhsm12sgw0,"['cireng isi', 'gorengan']",True,False
228,3d1hLG4xrVqx26ssI5uB,['risol mayo'],False,False
229,3dPQmEQicV7wFnYLqYWZ,['penyetan'],True,False
230,3fScT5vSP6ikzatvr2AL,['cireng isi'],False,False
231,3feY0tm57hUgpQprPb8P,"['sayur harian', 'teh', 'cireng isi']",False,False
232,3gn1DjslHs4MLCVeIsoZ,"['risol mayo', 'cireng isi', 'teh']",True,False
233,3hgQqBCH7UgKYkccJMVf,['kopi'],False,False
234,3kjJlHEe0UG71O7E1RnT,['risol mayo'],True,False
235,3oe6V4m2N8iZv2X5mTYf,"['mie', 'teh', 'risol mayo', 'cireng isi']",True,True
236,3pVEOjtD1A1QqxyIkjp0,"['penyetan', 'es jeruk']",True,False
237,3pvOdI0dz5fR4t9iyoZH,"['penyetan', 'tahu krispy', 'teh', 'kopi', 'air putih']",False,False
238,3s4Ojk4nIDqYb2jjBLLM,['french fries'],True,False
239,3sNxhYgnuvDsYqma7xIy,"['mie', 'es jeruk', 'kopi', 'penyetan']",True,False
240,3sOvQcHdovZxyC7cDsXs,['air putih'],True,False
241,3vH37ZrY7DK7iYB3KPGp,"['penyetan', 'teh']",True,False
242,3vV7sFvhc0sVttMU7QZG,"['nasi goreng', 'teh', 'telur']",False,False
243,3y1j7dCgFuHJhr8bMukv,"['risol mayo', 'pisang coklat keju']",True,False
244,3yJqRhuGv1NDhHGgnN4I,['cireng isi'],True,False
245,3zc3R3oFiyNwXjzyNMrH,['air putih'],False,True
246,3zqmaNXcyBbwAbVVCZAU,['risol mayo'],True,False
247,40U4sKcGSKjpVE3Boa6f,"['gorengan', 'cireng isi']",True,False
248,415ZgkJdnPve8gLJrGY3,['float'],True,False
249,419l5C93AHjGR0PYeECK,"['mie', 'tahu krispy', 'air putih']",True,False
250,42QdFySrgqP8Fi8EzQxg,['mie'],True,False
251,44yN2WQUIiDprZdWOICv,['risol mayo'],True,False
252,45ZqNx3pSYf5xVhpbM6Z,"['penyetan', 'es jeruk', 'gorengan']",True,False
253,49X85E07zS7OobovfFEx,['french fries'],True,False
254,49ev1ZkB5SmF6XSRpZ4r,"['teh', 'teh']",True,False
255,49tPnsRBQOkJiR1jzTuY,['teh'],False,False
256,4AYVxzycvAh6bBi2LPji,"['risol mayo', 'es jeruk', 'gorengan']",True,False
257,4BMKHIRaTUIAANOYu5Cc,"['kopi', 'teh', 'french fries']",True,False
258,4BbfDRfyKfINjD6YZnK8,"['mie', 'teh']",True,False
259,4Bq7kkyXSsHjB1Js4XeY,['risol mayo'],True,False
260,4DXsP1FXW9lPRKx9RMGU,"['float', 'cireng isi']",False,False
261,4Djb06xgToUm9XgDdouz,"['penyetan', 'es jeruk']",True,False
262,4Dv0P4ngTiC7k28Hsvxt,"['risol mayo', 'air putih', 'cireng isi']",True,False
263,4FVUzlEet2d4OLXr7VNL,"['nasi putih', 'mie']",True,False
264,4H04djdce9VNL5Z2AQAK,['gorengan'],True,True
265,4IbOqhA9Q7qhsbAC69DS,"['gorengan', 'cireng isi']",True,False
266,4IfFN3RBMaiJMGAMSHpK,['cireng isi'],False,False
267,4JEWw5wJwgnfY7KYDSP2,"['penyetan', 'float']",True,False
268,4LXpN7VHnraZqeIyyxfL,['teh'],True,False
269,4LZ5FUhWlIsx544Z6rK2,"['sayur harian', 'gorengan']",True,False
270,4LvMuuGminbQE3TKMrdT,['risol mayo'],True,False
271,4MyyBDSDBLw6hByKLbCI,"['sayur harian', 'es jeruk', 'teh']",True,False
272,4OOsLF4J22gdjgebY16P,"['mie', 'cireng isi']",True,False
273,4Omrvg61pFSBdIHf8IPf,"['teh', 'cireng isi', 'risol mayo', 'penyetan']",True,False
274,4P31H2nvBFN2aQUeuVQB,['mie'],True,False
275,4QFTnHgsSztmQAr7JgJh,"['mie', 'mie', 'mie', 'teh', 'nasi goreng', 'tahu krispy', 'risol mayo', 'gorengan']",True,False
276,4QmeZYUXoO8tZqLssOVX,['kopi'],False,False
277,4XLiLWqFPnb2br1o4yK5,"['risol mayo', 'gorengan']",True,False
278,4ZocmoopwWtniozZIllU,"['nasi goreng', 'es jeruk']",False,False
279,4aBilUdbWMGcrodURbr8,"['float', 'float']",True,False
280,4azQZtR1faL5mU49wu4v,"['mie', 'gorengan']",True,False
281,4bUAPWGsd8anYthhU36G,"['float', 'tahu krispy', 'air putih', 'risol mayo']",True,False
282,4cIt5Pgwg0RaENX9hONg,['nasi goreng'],True,False
283,4cmY8ps9iNigoN2SDMv7,"['risol mayo', 'cireng isi']",True,False
284,4eAygIpIvVRj0yRYFV0S,['tahu krispy'],True,False
285,4eI2DkLH7s5BioLRD2ZQ,['kopi'],True,False
286,4eMWPRN6xTCmw2m6Lgkh,"['mie', 'gorengan']",True,False
287,4fZ2ezbnyuKiVmwcMPUA,['teh'],False,False
288,4gJRUFh6sZvqo6z4yEr4,['mie'],True,False
289,4j0TQy8VCxvaCqW4mzjY,"['risol mayo', 'risol mayo']",True,False
290,4jNx1tZHa1ZeoqQI9r9h,['risol mayo'],True,False
291,4kD5arURsBwfyXRjd4nV,"['sayur harian', 'es jeruk']",True,False
292,4m4q6miX2FOV1ETuQ3sd,"['cireng isi', 'gorengan']",True,False
293,4m9HaM1805WIfQfFXSUl,['mie'],True,False
294,4oGpO2XnJHgGtaTYbIAI,['risol mayo'],True,False
295,4pKG8qvnbpqlnv9PboBa,['air putih'],True,False
296,4qYqcwNfqbrSpxGvBwmp,"['kopi', 'tahu krispy']",True,False
297,4rrfsdQLoPJCfYNIQ4ln,"['mie', 'teh']",True,False
298,4t8JVcr5eLcD6tzW6HIi,"['nasi goreng', 'air putih']",True,False
299,4uJ6l3SYKPYF5O1udcZ1,"['teh', 'penyetan']",True,False
300,4ucj8mCHYD88NvjQXng1,"['risol mayo', 'gorengan']",True,False
301,4umPE5qvrSIFBtu1gl43,"['risol mayo', 'kopi', 'gorengan']",False,False
302,4vQwsveW3C9r30lTtT2o,['gorengan'],False,False
303,4vlXKyhyWwvStbDzhhT4,"['teh', 'tahu krispy']",False,False
304,4vzNodEwjrxGhWVxQOBS,['risol mayo'],True,False
305,4z5zf0Fi4zLNSTtA69xp,"['mie', 'gorengan']",True,False
306,4zJyfKr5qv7iBwKoSqrU,"['gorengan', 'risol mayo']",True,True
307,4zW38QhObM1A0gdbvdJU,"['mie', 'nasi putih', 'teh', 'pisang coklat keju']",False,False
308,4zY4yBxUyf1t2nssSbqW,"['gorengan', 'cireng isi', 'mie', 'mie']",False,True
309,4zcH0ebWckjx46TA4CeI,"['mie', 'teh']",False,False
310,52UKaMATfZmK7AadtEo1,['risol mayo'],True,False
311,5403p82B3UawQOqsjBhZ,"['teh', 'float']",False,False
312,54F7gYp05qBCFkHlRZHw,"['penyetan', 'teh']",True,False
313,54GNufyLvSnhOAMTwotL,['teh'],True,False
314,54HJyQc9YMJWrEO4Fxn7,['gorengan'],True,False
315,54hWQsudticbjCtYe1aq,['pisang coklat keju'],False,False
316,54sJSBRkVZxM1i1kdhk7,['kopi'],True,False
317,54x0ZENJUQx6Ia7dvHNh,"['mie', 'nasi putih']",True,False
318,559Q9RgpkBmO3FzAulkO,"['risol mayo', 'gorengan']",False,False
319,56VDAGGSM4mDFVgUA2mi,['air putih'],True,False
320,56Wq2NlDLlJUFHrlNSNC,['risol mayo'],False,False
321,578HFOJkS3IOikZp6TRF,"['risol mayo', 'cireng isi']",False,False
322,58UAuliWxVzt8eZpUUsg,['es krim'],True,False
323,5A1k3ExRae2N324fB53I,"['tahu krispy', 'sosis goreng', 'teh', 'pisang coklat keju']",True,False
324,5Amqe3BkaLVbgL3tDj4E,"['sayur harian', 'tahu krispy', 'gorengan']",True,False
325,5Dc00WokmvkXPwclKBor,"['risol mayo', 'kopi', 'gorengan']",True,False
326,5E0grUP072x4kb1Y1W9y,"['gorengan', 'gorengan']",True,False
327,5FajDXDkTrteOp5FuWgw,"['kopi', 'tahu krispy', 'air putih']",True,False
328,5FfEZEIflwN0T7nIOqIL,"['penyetan', 'teh']",True,False
329,5Fh79SkqIlyvM7SXPtfk,"['mie', 'es jeruk', 'french fries']",False,False
330,5HKqrJHa6N88obzm1d0w,['gorengan'],True,False
331,5IB6a3DVXDyEIPzZouuN,"['risol mayo', 'pisang coklat keju']",True,False
332,5IWuEr3bMDWMevmgWZbO,"['mie', 'teh', 'nasi putih']",True,False
333,5J3WOeSN69tPH0NNTHFX,['gorengan'],True,False
334,5KXXURtbH2w901JQNYLS,"['risol mayo', 'risol mayo', 'teh']",False,False
335,5MOGiFge4mLX86YLJRci,"['penyetan', 'float']",False,False
336,5MTiFzXDppu5ba8mm9R3,['mie'],False,True
337,5Mw6vgeYLys5ge02pROV,"['mie', 'kopi', 'teh', 'mie', 'gorengan']",True,False
338,5P7yj0nq62xtJQWsg1Oc,"['pisang coklat keju', 'risol mayo']",True,False
339,5PGrXkXz7XtB8Od7GBX6,['risol mayo'],False,False
340,5QHbkm5zd2rHA88Ura6K,"['risol mayo', 'cireng isi']",True,False
341,5Rwttceii0ppkU6AWIXT,"['penyetan', 'teh', 'kopi']",True,True
342,5SJBHca5z5CsUvikLKqz,"['sayur harian', 'kopi']",True,False
343,5Umn1b2eIJBvLQRNoT1k,"['ayam goreng', 'nasi putih']",False,False
344,5VQ1wzTCQb0j7Wu8V7q3,"['risol mayo', 'cireng isi']",True,False
345,5VvTZqsGdMgp5UGapz0V,['float'],False,False
346,5WnEgJJt5cW8ApdyXG6a,['es jeruk'],False,False
347,5YOlTusljBJvQP6m94ds,"['risol mayo', 'gorengan', 'teh']",True,False
348,5YRisHwgTvihEraPDLsj,"['pisang coklat keju', 'risol mayo', 'mie']",True,True
349,5ZzdEmRFjVsCQGXF2NnZ,['mie'],True,False
350,5bz6JftBulqLZmz5hEra,"['kopi', 'kopi']",True,False
351,5g5FBzvBN9TEdOSBNy6f,['risol mayo'],True,False
352,5hwRceIH5YEOVhd1AAmN,['sayur harian'],True,False
353,5iwlmJzDhnm4QR6dFndw,"['mie', 'float']",True,False
354,5jmE8YEtiOb5gOGxz6Bz,"['telur', 'nasi putih', 'kopi']",True,False
355,5k0tv5ctD6eHHZ0nJuGO,['risol mayo'],True,False
356,5p99UwDAFOOYyglSttR9,"['sayur harian', 'teh', 'gorengan']",True,False
357,5pJNqsYhMbggEMa4ON8y,['gorengan'],True,False
358,5pe904HMCZXnE9gcxb55,['telur'],True,True
359,5ph2Cwi6QX2er2WXtaSA,"['tahu krispy', 'cireng isi']",True,False
360,5pk00G9cHy7uVy4Rg3po,"['mie', 'kopi']",False,False
361,5s79U0MqH9C5lP4B01HB,"['penyetan', 'gorengan', 'gorengan']",False,False
362,5tQhM0tGQaULzv8vZkt3,"['risol mayo', 'cireng isi']",True,False
363,5tYzeHOke3GH7dHV2cQY,"['sayur harian', 'teh']",False,True
364,5uHxJMJme8SyLtuw5vzU,"['penyetan', 'air putih']",True,False
365,5uyWuK8Rtdxs0J7k20lY,['french fries'],True,False
366,5wVP1YBi4KbX11sGCnES,"['kopi', 'kopi']",True,False
367,5wvY2MQiwtVJvaQ1zSN1,"['mie', 'teh', 'cireng isi']",True,False
368,5x3iLAA9PTpkOCGSTQAf,"['risol mayo', 'gorengan']",False,False
369,5zQFJXuGOCHZML1b7tGp,"['nasi goreng', 'telur', 'air putih']",True,False
370,5zU8qLe0va4onSR27bcP,"['kopi', 'teh', 'risol mayo', 'cireng isi', 'es jeruk']",True,False
371,60vN7dNc6IruKb9QRYhP,['air putih'],True,False
372,63CQKRIZD42ZEGdBp981,"['gorengan', 'pisang coklat keju', 'mie']",True,False
373,64tOQiksyoiBAmPjuEQU,"['cireng isi', 'risol mayo']",True,False
374,657Um0CZFLhkrnVyWZdP,"['penyetan', 'teh']",False,False
375,67RExmH2PQfu8Ih3t7e5,"['es krim', 'teh', 'gorengan']",True,False
376,67cVnmRfmexytEWmCDt6,['es jeruk'],False,False
377,67qGRHpGeXDkphVpK7gA,"['teh', 'mie']",True,False
378,68sY82Q8KpZN54HEIT2w,"['nasi goreng', 'telur', 'kopi', 'kopi', 'risol mayo', 'penyetan', 'air putih', 'gorengan']",False,True
379,69sMheyAqTA9VMzBFH9o,['es jeruk'],False,True
380,6A03C1vmUDdaoPk5xghW,['kopi'],True,False
381,6AC6Wg2jvP2ry4VXBo3B,"['pisang coklat keju', 'tahu krispy']",True,False
382,6BkBgmkgJdMSuBlzNwUo,['penyetan'],True,False
383,6CdZ1xw0zCd3JAZnZiq6,['pisang coklat keju'],False,False
384,6DIcKRAMaL7rhsindZ0i,"['french fries', 'air putih', 'float', 'mie', 'cireng isi']",True,False
385,6DRfLIIBLQAPA6Rhl9qw,['teh'],True,False
386,6FUobmVtjuAFHwgrVE8t,"['mie', 'gorengan', 'nasi putih', 'teh', 'pisang coklat keju']",True,False
387,6IPaWzyGWKdrXwg4T5nF,['mie'],True,False
388,6L7nUCE9AyToRmUVaLHo,"['penyetan', 'es jeruk', 'cireng isi', 'cireng isi', 'gorengan']",True,False
389,6LH0WDnOjgVfSTcolJ6L,['pisang coklat keju'],True,False
390,6NFPtZROyknOwFLRAHJr,"['float', 'kopi']",True,False
391,6OBLMFUsNS924lRG1Eff,"['float', 'es jeruk', 'risol mayo', 'risol mayo', 'gorengan', 'kopi']",True,False
392,6P6vdZKgguh4Zod2iXuk,"['teh', 'sosis goreng']",True,False
393,6Qxa1KHvnCQqx8OUkAPe,"['gorengan', 'es jeruk']",True,False
394,6RtrPDP2T2mOoV78DvCk,"['kopi', 'gorengan']",True,False
395,6TOyYLugrcNCVDqFcaKE,"['nasi goreng', 'telur']",True,False
396,6TUA2LApFBY2ovXfChb5,['pisang coklat keju'],False,False
397,6U6Su6uqEnaZF3hgVjNT,"['teh', 'tahu krispy', 'pisang coklat keju', 'cireng isi']",False,False
398,6U6sUooPB6l2Dsbz85nb,['gorengan'],True,True
399,6UAc46PjImbqDiHuyeT0,['kopi'],True,False
400,6UifNjPqxzgugQaSATsm,"['penyetan', 'teh']",True,True
401,6UwAq5Q5Tc5VqY6jHNeJ,['gorengan'],True,False
402,6VcifY01vfFOLEMix3U3,['mie'],True,False
403,6W81bRdhnzQivgMzcTPQ,"['penyetan', 'kopi']",False,False
404,6XgUAg2PrHvAjoVwkbaS,['mie'],True,False
405,6ZVqrLySpbRytY5KjAte,['penyetan'],False,False
406,6azNhEUjeAjWdKJTfLAa,['sayur harian'],False,False
407,6cKFthXqxi5LENomCVFr,['teh'],True,False
408,6e3GdKuByRFdCxbq9Vzv,"['pisang coklat keju', 'gorengan']",True,False
409,6f2PnGTBeC165Vtt3aJI,['sayur harian'],True,False
410,6hBKZp7mWDiJd2JO7VlU,"['risol mayo', 'pisang coklat keju']",True,False
411,6jDXD8dTjb5q3P9CI0c5,"['teh', 'tahu krispy']",False,False
412,6jQMk1IpbCDjil6BTnMz,['kopi'],True,False
413,6ktoERP9eh2fbSgCR2kx,"['cireng isi', 'gorengan']",True,False
414,6oN2H1MTCC5WBzbrzj1u,"['kopi', 'es jeruk', 'teh', 'french fries', 'nasi putih']",True,False
415,6oQzCDdielfFDcCnCTZu,['risol mayo'],True,False
416,6onfbQOC2XXAZh7GPN0f,['risol mayo'],True,False
417,6pOzvilTlPGTUCxVnDf3,['gorengan'],True,False
418,6pnD2QDc8MrHwXbP0NPb,"['mie', 'gorengan']",True,False
419,6poGrmPBmM4vQUWl0VQw,['pisang coklat keju'],True,False
420,6r2J6XYDHzDQMZJPnSPi,"['kopi', 'cireng isi', 'pisang coklat keju']",True,False
421,6st5ZqIpPwQalu1yPSTh,"['risol mayo', 'gorengan']",True,False
422,6tWnvuf7YvdkaZ5S6R78,['nasi goreng'],True,False
423,6v7BzE2XzNI0JcjqDymI,['es jeruk'],True,False
424,6vDefVVrwO8kgpgDkKoM,"['risol mayo', 'risol mayo', 'teh']",True,False
425,6vTSoicOQstcDa1KklYK,['risol mayo'],True,True
426,6vjU4yzbN8EK1pLLYXzM,['penyetan'],True,False
427,6wBCDUkpQGijJpchKe4R,"['risol mayo', 'teh']",False,False
428,6wMbmfoCLqnZWvJJUzth,"['risol mayo', 'cireng isi']",True,False
429,6xMpAy6xpTvTD6umpBR2,['penyetan'],True,False
430,6xoA30kYh93eQRKT1siK,['mie'],False,False
431,6yYL9u4QbDt9Fue5eRkZ,"['kopi', 'gorengan']",True,False
432,6ysCgixgY87L4y1rLHLD,"['sayur harian', 'teh']",True,False
433,6ywpwjmZh6oFtn6uY5gE,"['es batu', 'sosis goreng']",True,False
434,6z8asi7yD2iPhOhxyh4w,['float'],True,False
435,6zgF4X8fcrNJ1gTTLaoO,"['gorengan', 'cireng isi']",True,False
436,70X24pFp708skoi5sMvi,['teh'],True,False
437,71ZFaCXNIiEdTGbZmpoe,"['kopi', 'sosis goreng']",True,False
438,72Rk1Ys7wlyEPR7GL36m,"['sayur harian', 'ayam goreng', 'es jeruk']",False,False
439,72YjGAzqUb7gYWhtxzHx,['sayur harian'],False,False
440,75mpKpsXSJcHul2eXvUA,['risol mayo'],True,False
441,76Vc217j4530wtvl6P8M,"['es jeruk', 'float']",True,False
442,76y7P2S55CWwpDW60wCJ,"['gorengan', 'risol mayo']",False,False
443,79YO0ia5AoHAaMpPMytJ,"['mie', 'kopi', 'risol mayo']",False,False
444,7CVPnsLFE4oClaIgpBry,['sayur harian'],True,False
445,7CoyfPXVwPSMY9cUI04d,['mie'],True,False
446,7EnBIREuPL5MpcRkDqqc,['gorengan'],False,False
447,7HUeC0r8Bac8DQ18ey0Q,['es krim'],True,False
448,7HnFavAirK6SxMjIBUfr,"['kopi', 'penyetan']",False,True
449,7JB4bdCJfqMyTBv7hygL,"['french fries', 'teh']",True,False
450,7JF5APSxwnY6QFDSeHyf,"['mie', 'teh', 'sosis goreng']",False,False
451,7JhCsl5newurjyUVU78C,"['tahu krispy', 'gorengan']",True,False
452,7LLs9FlJzd6fhGByhUaX,['sosis goreng'],False,False
453,7O05uQlW9X6jfCJ5FiFw,['air putih'],False,False
454,7Q8HCytb1WqUYsqEJXid,['risol mayo'],True,False
455,7R6INNqxmQeL2KP1S6np,['float'],False,False
456,7SF5eOiEgVPJmbEjGTTA,['gorengan'],False,False
457,7TtKYjI9sseBMIQ8ZWDy,['risol mayo'],False,False
458,7V6x1Ed6EAjdNM7l8dSe,"['mie', 'cireng isi']",True,False
459,7VHHX67cSoRLDjrKSvr8,"['pisang coklat keju', 'cireng isi']",True,False
460,7XBfJohWgVeTSCQ8hBRj,['kopi'],False,False
461,7YrPCfdqL7ouAec2bTCd,['float'],False,False
462,7ZuE2efiIrXLrSiePKbw,['cireng isi'],True,False
463,7d5ZA6u7FCoW7H9BGcwZ,['mie'],True,False
464,7dub0BK6T5xhv0GuOmem,['pisang coklat keju'],True,True
465,7eZCdUKFwxoW77rkfFb7,"['risol mayo', 'pisang coklat keju']",True,False
466,7fPFr96E43SyMaB5pTx0,"['nasi goreng', 'teh', 'pisang coklat keju', 'cireng isi']",False,False
467,7gAcmsU8g5zWd6P2Nqbx,"['pisang coklat keju', 'gorengan']",True,False
468,7iJPaLwuYdjpJ6Evn9jJ,"['kopi', 'gorengan']",False,False
469,7kQ8RTRyUjZQXXadn3DX,['es jeruk'],False,False
470,7kQxkXyYOBIIfryEA77x,['cireng isi'],True,False
471,7kfXG1Q4fN7YoT0BNmDU,"['sayur harian', 'gorengan']",True,False
472,7kutFc4HMSOMyBMJTJt7,"['nasi goreng', 'sosis goreng', 'cireng isi', 'gorengan']",True,False
473,7lJk87OBod4d6cfNB2aL,"['penyetan', 'air putih']",True,False
474,7lnYmwVeEwQHPoFDExXI,"['risol mayo', 'gorengan']",True,False
475,7mC6cHZkZpkKw4O6Y8x0,"['penyetan', 'teh', 'gorengan', 'pisang coklat keju']",True,True
476,7oEZLvbTurGWjUq8GN0C,['teh'],True,False
477,7pyWDnJoCODAf2pEvxZv,['float'],True,False
478,7sDLvX6GT4t6kQN8YNCi,"['air putih', 'mie']",True,False
479,7uP31NTk2lx22LseDOQ7,['mie'],True,False
480,7x2yisz7FC8AXU2HONZA,"['mie', 'risol mayo']",True,False
481,8050nCIGxxnva9sUt2kD,['mie'],False,False
482,80GXZph53F2ulYch4Z1x,['risol mayo'],False,False
483,82Nf3A1os9cR9iGC7hGn,"['float', 'kopi']",True,False
484,83TVBIFfnpsbTGp1eNyX,"['air putih', 'sayur harian']",True,False
485,83fxBDZkb0nzHRcDJY5Y,"['kopi', 'sayur harian']",True,False
486,87TYLpd48zTMdJsnnlpq,['teh'],False,False
487,893TfbcH0WBWfZ4bwlat,"['penyetan', 'penyetan']",True,False
488,89b99kpi14MSYXLAz5Xo,['gorengan'],True,False
489,8AMiYpC69u8B94trrJHd,['risol mayo'],False,False
490,8AqUZ1PjgAJBIrnRTXHt,['es jeruk'],True,False
491,8BoEGiR3KfQdoF6XMVCV,"['mie', 'teh', 'gorengan']",False,True
492,8E2gYSwItmUj3uMjuZMf,"['cireng isi', 'risol mayo']",True,False
493,8E2hlmgwWfyP7o8br4jx,"['penyetan', 'air putih']",False,True
494,8FM7ekDl6ODq5vmyeeuk,['kopi'],False,False
495,8FQcL5SwiSr16w364xEH,['risol mayo'],True,False
496,8FbJz8geDTFTqsdlgl32,['teh'],True,False
497,8Fj1eI2J9N8ZpTDLAyBv,"['cireng isi', 'penyetan']",False,False
498,8HLr5ceLkGfXDNjioFuR,['pisang coklat keju'],True,False
499,8IJvtJ7c8fXce3vikw3x,"['risol mayo', 'gorengan', 'es jeruk', 'mie', 'sosis goreng', 'teh']",False,False
500,8IMICgVE0p8HQSFqG6h2,"['risol mayo', 'cireng isi', 'pisang coklat keju', 'es jeruk']",True,False
501,8Iel7qEBMkZ2jbvW8W2d,['kopi'],False,False
502,8JV2p1K52RCFm3U8U26g,['kopi'],True,False
503,8Kg9ZQ2I1amMqAd9Kzo9,['penyetan'],False,False
504,8KlJV3hcHNWDeDukD7Sq,"['mie', 'gorengan', 'risol mayo']",True,False
505,8LVV8qnK5Q4VrJJgFj4W,['risol mayo'],True,False
506,8NiC0rm9jpBdw76A1n5G,"['nasi goreng', 'telur', 'gorengan', 'air putih']",True,False
507,8QvpNclDjrjHNGzrG4Jl,"['penyetan', 'penyetan', 'tahu krispy', 'es jeruk', 'teh']",True,True
508,8S2N14M9ewYRswA8ZvgT,['gorengan'],True,False
509,8SMit5EPkqX03V9QCIBK,['float'],True,False
510,8TuLIwnoN0jBnYJiuJej,['mie'],True,False
511,8V2QnhvdB0Eq6qvQyLGh,"['penyetan', 'gorengan']",True,False
512,8WLb45gXxg7R23Nsp2Ko,['pisang coklat keju'],True,False
513,8WexQCAIemJ5G6KBd5Lu,['penyetan'],True,False
514,8WsNb2lMYUSjdfAFffMY,"['mie', 'sayur harian', 'teh', 'french fries']",True,False
515,8XPjqzxn6CXP7EYZBfLk,['es krim'],False,False
516,8XZonxBvhFURdiknpmyo,"['mie', 'teh', 'kopi', 'risol mayo', 'cireng isi']",True,False
517,8YDAOJCyYtl3H8IYhX78,['teh'],False,False
518,8aGFYfCExJAYLc7EtYyg,['es jeruk'],True,False
519,8af8TcHY4K9mTBPMeJel,"['penyetan', 'teh']",True,False
520,8bRRpKVLGqSxDlifmECp,['kopi'],True,False
521,8dbFleEgFxNVUgVNnFId,['risol mayo'],False,False
522,8dwvx4s3222SxZuhBKqL,['gorengan'],True,False
523,8egoNIVoZABpSedqSRYR,"['mie', 'gorengan', 'kopi']",True,False
524,8fMzRXIiTZFAXLeB37We,['mie'],True,False
525,8gzfKpeMvl7T5CvQUgNx,"['nasi goreng', 'teh']",False,False
526,8hpw5rdtNojFDT4ZFEw6,['kopi'],False,False
527,8j751zgfg23m7IYCYAXg,['risol mayo'],True,False
528,8lFrjWCpceKWNCGTpYUG,"['kopi', 'risol mayo', 'cireng isi']",True,False
529,8ljtYdcvcVo9dUukAkts,['es jeruk'],True,False
530,8mT9RZSLq5jdMRcS83TV,"['teh', 'teh', 'nasi goreng', 'telur']",True,False
531,8tU7UjAF3sXkxlc69cO7,"['kopi', 'teh', 'teh', 'gorengan']",True,False
532,8utpyxg5UaVfCW87lkkj,"['teh', 'float']",True,False
533,8vGmOOxCte95wiDYs64y,['float'],True,False
534,8xMWpTI0MP3vd2aKb3AT,['kopi'],True,False
535,8yDuhvLeWVIwLlEGceNP,"['penyetan', 'teh', 'mie']",True,False
536,9099fHzkzxA4WyMzao7q,"['kopi', 'float', 'pisang coklat keju', 'gorengan', 'cireng isi', 'air putih']",True,True
537,93O3YNOk5ragNf6fjIQT,['kopi'],True,False
538,94nRXmGqX1u5scNPDeSx,"['sosis goreng', 'nasi putih', 'es jeruk']",True,False
539,94qWBy2COWWRkQUZ7g5j,['teh'],True,False
540,959O9B8Np9jOpRnFUK3d,['teh'],True,False
541,95LmgLvWSDNzpluNoU2e,"['teh', 'gorengan', 'risol mayo']",True,False
542,95SE43MO9IsYzuV4p49T,"['float', 'kopi', 'kopi', 'nasi goreng', 'risol mayo', 'cireng isi', 'gorengan']",True,True
543,95x74DapjhMziApO9et1,"['kopi', 'penyetan']",True,False
544,981JLQi45wNPTvQpMl0S,['es krim'],True,False
545,98DuU1BnDaDgN2JHpGUA,"['penyetan', 'nasi goreng', 'penyetan', 'teh']",True,False
546,9Aj52DEYUuVIgNuFqy6L,['cireng isi'],True,False
547,9DbnQst0CsJhHUvXk9Fb,['kopi'],False,False
548,9DohTPoYfNT0sPgLcUMD,['teh'],True,False
549,9ESH40lR2yBo7rOCo4YN,"['kopi', 'es jeruk']",True,False
550,9Hvoz4qgtv1XNODx6TYE,"['teh', 'sosis goreng']",False,False
551,9IhdIxsDaY2F2Y0X3j8p,"['kopi', 'cireng isi', 'risol mayo']",True,False
552,9KXYz4Hy82Sl9iKwDpOs,"['gorengan', 'risol mayo']",True,False
553,9KsE8RyxTrEJ9oZVJmEH,"['nasi goreng', 'risol mayo', 'teh', 'gorengan']",True,False
554,9NduIQPUfb7ZMvv92ySb,"['cireng isi', 'kopi']",False,False
555,9OHaoFQuYTRqWhYZNkUL,['kopi'],True,True
556,9PLDzBp2BNSnjjmQ4PoS,['gorengan'],True,False
557,9T6Z4fs9ZQoAoqmb0Q06,"['kopi', 'float']",True,True
558,9U6wjdewBwVh2FnbmOeq,"['sayur harian', 'float']",True,False
559,9UaIjniqg4tQoZvq0BRW,['pisang coklat keju'],False,False
560,9ZQBF94ePikh33ZMiTST,['sosis goreng'],True,False
561,9ZQsZtC5T3Lm9eD8oBil,"['pisang coklat keju', 'float']",True,False
562,9ZoxU7ou4Xy7lTkCKfe0,"['teh', 'risol mayo']",False,False
563,9bDpy39EmuSMpbGlErdj,"['penyetan', 'teh']",True,True
564,9dXe4G2je1KjvRlrygmm,"['penyetan', 'float']",False,False
565,9eZhBBhQJeiPcgLWSGYA,"['mie', 'gorengan', 'risol mayo']",False,False
566,9fZUudKCrzhocHFgS062,"['kopi', 'pisang coklat keju', 'risol mayo', 'cireng isi']",True,False
567,9g4alzf8IPgU2T1t0gcZ,"['pisang coklat keju', 'cireng isi']",True,False
568,9gjyHkXrtGiEdXkG9mO9,['mie'],True,False
569,9hIcNVZ9RPiVbKWp3yD7,"['penyetan', 'mie', 'nasi putih']",True,False
570,9iOijfa0kORUOeRD5C2O,"['mie', 'penyetan']",True,False
571,9iiEHi8p3nf3OieixssP,"['kopi', 'gorengan']",False,True
572,9j3zNfhcwSP1om4Rn3xk,"['risol mayo', 'cireng isi']",True,True
573,9kUcwOPkOG82p8w4B8ZD,"['sayur harian', 'air putih']",True,False
574,9kroN7LeEsHtkcOeyV0o,"['gorengan', 'teh']",True,False
575,9l2bWqe0kQzdIUucFT3Z,"['cireng isi', 'gorengan']",True,False
576,9lZ8lM0W21dMAtwls46H,['risol mayo'],True,False
577,9lpUEmo5eEijjtNIH12d,"['sayur harian', 'teh', 'float', 'penyetan']",True,False
578,9lyVtPrmAlw9pelR4J06,['sayur harian'],True,False
579,9mi8ODSw48M7XuYpsF0T,"['mie', 'risol mayo']",True,False
580,9mryUKkzs3f1dPD1pDNl,"['teh', 'gorengan', 'mie']",True,False
581,9mvygicMT4eBTjylmX37,"['teh', 'teh', 'es jeruk', 'french fries', 'french fries', 'gorengan']",True,False
582,9nCYMWOK0bpsJ3xs7spK,['penyetan'],False,False
583,9ofi9reRrlts7BMiBaaw,['risol mayo'],True,False
584,9p89aV1QmYnZc2wjte2Z,"['mie', 'risol mayo', 'cireng isi']",False,False
585,9qZNSLhIUnZbm8MudV0f,"['penyetan', 'teh']",True,False
586,9r48Reot3xqe3etYpcrS,"['tahu krispy', 'sosis goreng']",False,False
587,9s2tReADbU9c5WCXuaOO,['gorengan'],True,False
588,9tDyMJECOBtJ6hsBLlZ4,"['float', 'cireng isi', 'risol mayo']",True,True
589,9tGDOPQvZkFW4aBkjpsg,"['french fries', 'tahu krispy']",True,False
590,9tjAmKsXAdCBCZp4qshN,"['tahu krispy', 'risol mayo', 'es jeruk']",False,False
591,9x3thkgLSUQEct59YLTV,"['french fries', 'gorengan', 'gorengan']",True,False
592,9xYJ52OdggCk15rDzHI5,"['teh', 'es jeruk', 'nasi goreng', 'tahu krispy']",True,False
593,A0HFh24zE9LjzxW2LAY9,"['penyetan', 'air putih']",True,False
594,A1aeFqBN2Ozan94QtaGs,"['penyetan', 'es jeruk', 'risol mayo']",False,True
595,A5JYSEg7s9t0CjkwFiJ5,['risol mayo'],True,False
596,A6Vc6qdekWRd0Z4ZbKTL,"['mie', 'kopi', 'cireng isi']",True,False
597,A8ZyPXKyk0YK0XMPXCqy,['gorengan'],True,False
598,ABhyRgo6AfyASqQkQxui,"['penyetan', 'kopi']",False,False
599,ACm5snTf8tEb6jThNaJ1,"['penyetan', 'teh', 'gorengan', 'pisang coklat keju']",True,False
600,ADJ2NaXySvI8ltj6pvwS,['pisang coklat keju'],True,False
601,ADWSjBDsZHk6tFNLfWyR,"['french fries', 'risol mayo']",True,False
602,AEZigzR5gCswlJpg0CK2,['cireng isi'],True,False
603,AFA5ofhgGcxkapj7tDRI,"['penyetan', 'teh', 'risol mayo']",False,False
604,AFmKWYZo6v1W8tSrCl2v,['risol mayo'],False,False
605,AFz30g9s6Pb10RY1WEOy,"['mie', 'air putih']",True,False
606,AHoFt9DKpejTKijM0RB0,"['risol mayo', 'gorengan']",False,False
607,AKar4zJK4CYpXmHQcKTW,"['float', 'cireng isi']",True,False
608,AKldccHuNnldeapy0Ski,"['kopi', 'es jeruk', 'teh', 'gorengan']",True,False
609,AMeuSw1h9b7HdgiYmiX4,"['french fries', 'float']",False,True
610,APDEhuIBWVHDaJS4KMFr,"['mie', 'teh']",True,False
611,APUqgRoXJPIWVRNuT7cr,['nasi goreng'],False,False
612,ASAR4nvmFUb2kcWuhTdt,"['teh', 'cireng isi', 'risol mayo']",True,False
613,AU9TIcEsbkHbITrkrulS,"['teh', 'es jeruk']",True,False
614,AUASUrN9DdQfyf6P12oR,['teh'],True,False
615,AUp5LRr6s0bsAcEAJSVM,"['penyetan', 'penyetan', 'es jeruk']",False,False
616,AUqYKXQxj6tiDsfZfONJ,"['kopi', 'penyetan', 'gorengan']",False,False
617,AVso7syrojJ9kNT53GEG,"['nasi goreng', 'telur', 'kopi']",False,False
618,AWKhiVu9WDvlQQRc5Kj6,"['cireng isi', 'risol mayo', 'kopi', 'kopi', 'gorengan']",True,False
619,AWPrbWH8qRGkmPLnRlx9,"['es jeruk', 'kopi', 'mie']",False,False
620,AWrqxxNiEWmTtATASeR4,"['nasi goreng', 'teh']",True,True
621,AZgHnje8cJomHD4jNmdi,"['mie', 'nasi putih', 'gorengan']",False,False
622,AcPB53kh5BsS1UfmOuAd,"['teh', 'nasi goreng', 'telur', 'gorengan']",True,False
623,AdEZrDH5q6CyttmIgEwz,"['penyetan', 'teh']",False,False
624,AfkTRSuoxy0lF7AYfcD7,['kopi'],True,False
625,AhEWdAlyHgLilvbsDadT,"['cireng isi', 'pisang coklat keju', 'teh']",True,False
626,Ai16di91ZcHv4ZmNSc5Y,['nasi putih'],True,False
627,AjAQrYCZeC93M9wEqEkD,['teh'],True,False
628,AkWEg4spUBXA1tDSQff6,"['cireng isi', 'gorengan', 'gorengan', 'penyetan']",False,False
629,Akxu2oI6bkgHs1qtbnxj,"['penyetan', 'teh']",True,False
630,AnPzlwM3XaCB9JfDIcKl,"['risol mayo', 'gorengan', 'kopi']",True,False
631,ApXvWMzUrQpl6iF21pGs,"['penyetan', 'teh']",True,False
632,ApuqNe0nyXFH07OrBv2j,"['sayur harian', 'es jeruk', 'risol mayo']",True,False
633,ArjOXTdZf4xR9WNNF1yw,"['nasi goreng', 'penyetan', 'teh', 'gorengan']",True,False
634,AxEifJgPVFVAef3hSFVx,['sosis goreng'],True,False
635,Axvym3DbSj3OQnfMA7m0,['gorengan'],True,True
636,B02qIADE019RunfHQcYG,"['penyetan', 'gorengan']",True,False
637,B0R15u9szwVfBoAPrP0p,"['penyetan', 'es jeruk']",True,False
638,B1y6qMNUfNdWzO7qSTmc,['sayur harian'],True,False
639,B2ztd8VU2OQf0BbBLYoQ,['teh'],True,False
640,B31SBi9ENdtAjH1E58aX,['gorengan'],True,False
641,B47tXebnuder5qFgSgcf,"['teh', 'pisang coklat keju', 'sosis goreng', 'risol mayo']",False,False
642,B5aGT3NXUGA5qSdgLsyJ,['pisang coklat keju'],True,True
643,B8pQmyUMUCPApoVRoSri,['gorengan'],True,False
644,BBB4ZoKNsKawfq7W5Zmd,"['penyetan', 'es krim', 'penyetan', 'nasi goreng']",False,False
645,BBbf8rccgSikkeXaxSjZ,['gorengan'],True,False
646,BBbhyPDutunzfbB3Pn1Z,['nasi goreng'],False,False
647,BDKY0IQpgsKHnAwB2mRK,"['risol mayo', 'gorengan']",True,False
648,BEoLO2NNj4ytHUZEmByJ,"['risol mayo', 'gorengan']",False,False
649,BEyDtlT5juDK8Ps1YMhV,"['mie', 'nasi putih', 'teh', 'gorengan']",True,True
650,BF9JfB0RX0bjTVi4cbra,['float'],True,False
651,BFDMqfh6E9sVfIhn9L9I,['air putih'],True,False
652,BGKV4QBSExNHSToG2BI2,['teh'],True,False
653,BHaN3T6fZbwuttun6ris,['cireng isi'],True,False
654,BInfz8yt97pJteCsqrTV,"['mie', 'pisang coklat keju']",True,False
655,BJpGPu3znzWHVuV6JEtK,['risol mayo'],True,False
656,BLIN76lu8G21f8vQf6Mv,['mie'],True,False
657,BO31NTh5u1lmdskteH1M,['pisang coklat keju'],True,False
658,BOUdBt5JgKED8iKVVVjC,['mie'],True,False
659,BOqtAGJ8ZRdOuRcqEPbQ,"['es jeruk', 'kopi']",False,False
660,BPM17SKm9ovwXvscAHfw,"['french fries', 'cireng isi', 'penyetan', 'kopi']",True,False
661,BPOW7iMQDAWDY5DUztrg,['risol mayo'],True,False
662,BQESwmMp2FBPMIO1wxUA,"['mie', 'mie', 'nasi putih', 'gorengan', 'cireng isi', 'tahu krispy', 'float']",False,False
663,BR3YD5AqH8WikTVzFzrx,"['risol mayo', 'cireng isi']",True,False
664,BRxFxuOucnrsPvPX6Epy,"['cireng isi', 'gorengan']",False,True
665,BSoE5FlHW7g5krSznuMs,['kopi'],True,False
666,BSuKPCPIGJZZ3cQSV0rw,"['cireng isi', 'tahu krispy']",False,True
667,BTI22OTOllNkGDi9mlpJ,['gorengan'],True,False
668,BTztkdziHG4IPaUt7fG1,['risol mayo'],True,False
669,BWzJfMpv4OY39gxRbsPz,"['mie', 'kopi', 'gorengan']",True,False
670,BZ4jlua9MZBS0zA7RJ2O,['kopi'],True,False
671,Bb2CQ6E1AUaiIuP3zMk4,['risol mayo'],True,False
672,BbVtoMWy3H8o3yUXKiYe,"['kopi', 'es jeruk', 'gorengan']",True,False
673,BdCpjN1YBGtGDsKIKkAm,['es jeruk'],True,False
674,BdNLSvC9X2zsO1HjvQRo,"['french fries', 'kopi']",True,False
675,BdWCLQqCetCEfxk31vlq,['gorengan'],True,True
676,BdgBmahKcdYN38bByOsi,"['teh', 'teh']",False,False
677,BdtJ67qG84U0mx1YPfiC,"['cireng isi', 'gorengan']",True,False
678,Bhi9g1p6CzpkMgYwbblI,['telur'],True,False
679,BkAMVCOYtisvMJklxH6b,['gorengan'],True,False
680,BkEhk5ZJea4CKo4GzPs9,"['nasi putih', 'mie', 'teh', 'risol mayo']",True,False
681,BkKkMHf3UijsdD4p8JrJ,['float'],True,False
682,BkifMtCjJYs5tAOdKfvb,"['risol mayo', 'tahu krispy', 'es krim']",True,False
683,BlNdlkC4BUddZc3nBcgq,"['nasi goreng', 'es jeruk']",True,False
684,BlP9YeyAUv5fl1f94qRJ,['kopi'],False,False
685,BnrvHsJAlD38oc12Frg0,['float'],True,False
686,BoSTtzFovyS8Iav0lAvA,"['french fries', 'ayam goreng', 'teh']",False,True
687,Br1SnUdnEM6COhNeWr6k,['mie'],True,False
688,BrS8sS3w8UgSJzgbnsjb,['sayur harian'],False,False
689,Bs0qAiUaMBM9BKQnqqn1,"['sayur harian', 'es jeruk']",True,False
690,Bt4ON24q0eygUq9SOIQR,['mie'],False,True
691,BtMRqmBVO74gA2YI5lae,['float'],False,False
692,BvrchJBHib73X95Wvc9y,"['risol mayo', 'cireng isi']",True,False
693,Bz2C4q2dxCwWB0jRNwBc,"['french fries', 'risol mayo', 'teh']",True,False
694,C0z2oOBA1CAgr9oSIsWD,"['sayur harian', 'sayur harian']",True,False
695,C56607I5HKK7acFmxCzT,"['mie', 'risol mayo']",True,False
696,C597IXfPZeQX0pn0p3sT,"['gorengan', 'teh', 'air putih']",True,False
697,C6RO61s93FBlbOIgkjwS,"['teh', 'gorengan']",True,False
698,C7kyvK3AcoFRbaF2qThT,['risol mayo'],True,False
699,C9D5t4hFGGOkG4PqYazB,"['mie', 'teh']",True,False
700,CAnRqZbfXNlRUr5iqQK6,"['cireng isi', 'risol mayo']",True,False
701,CBlec7kQUDjv71rNG0H9,"['kopi', 'gorengan', 'pisang coklat keju', 'kopi']",False,False
702,CCYU37rigD9YuVpKa1As,"['penyetan', 'teh']",True,True
703,CEtgotxgnty9rVjrSjEO,"['penyetan', 'teh', 'cireng isi']",True,False
704,CFXgGbibCyYPCko1f4Ph,"['mie', 'tahu krispy']",False,False
705,CIWAdlZB0nSf0s5cdJa1,['es jeruk'],True,False
706,CJPBtLBuWNIYW7sCvwwR,['mie'],True,False
707,CJcd60lcRdXOOf1QuWZj,['penyetan'],True,False
708,CKibyyLbTEF8P5Q7Pkj1,"['penyetan', 'teh']",True,False
709,CL6aXDpI71LyqbLqrD1V,"['kopi', 'nasi goreng', 'sosis goreng', 'french fries', 'es jeruk']",True,False
710,CLPm3cadxQ2DDDu4gWAZ,"['nasi goreng', 'telur']",False,False
711,CMVvL7X2wEtmppxi91bJ,['french fries'],True,False
712,CMWdQ7I24P6ZC1B6W2ke,"['penyetan', 'sosis goreng', 'kopi']",False,False
713,CMbzjocItcrCvll5vWGa,"['risol mayo', 'pisang coklat keju']",True,False
714,CNy1FUs0GVZVYvZ2yTpd,"['gorengan', 'gorengan', 'penyetan']",True,False
715,CPt34ts8o8wSYVkeYrFm,"['es krim', 'es jeruk', 'risol mayo', 'sosis goreng']",True,False
716,CRH58aXvMj0JL1i2cFbr,['risol mayo'],True,True
717,CRwV73BQRA9lnLVF60ZQ,"['pisang coklat keju', 'tahu krispy']",True,True
718,CSyjbxtNS2KxKCxaOmX7,"['sayur harian', 'teh']",True,False
719,CVJi90edKOE3G8AJuKxC,"['penyetan', 'teh']",True,False
720,CVdEyRiOoClQ0gAqTb3J,"['nasi goreng', 'teh', 'kopi', 'cireng isi', 'gorengan']",True,False
721,CYv02MCxxr8EfmuF3XC9,['mie'],False,False
722,CdD6f6gyeHGL9gfbcSzK,"['penyetan', 'teh']",True,False
723,CdzRFICGvKDNjANGDWlm,['teh'],True,False
724,Cep3w8ccuvh4iJ3nwU9u,"['float', 'es jeruk']",True,True
725,CfdTOs0tHvMmEbYPssas,"['mie', 'gorengan', 'risol mayo']",True,False
726,Cg9AVn0zf7hPYzrf3KXC,['air putih'],True,False
727,Cggp30h1deYED1pYzmfR,['gorengan'],True,False
728,CgkV6lhezDelyFEAm070,['gorengan'],True,False
729,CiSKNZi1nnFNBtVlmvZf,"['sayur harian', 'teh', 'gorengan']",True,True
730,CjDpqxhUGMUJrHf1w4L4,['gorengan'],True,False
731,CjIjo0b8chTXZu0tCF4v,"['risol mayo', 'kopi']",False,True
732,Cjq9ZMegBFtJsmemnL6g,"['french fries', 'tahu krispy']",True,False
733,CkTFMCF1TE5FIFnz7Umq,['gorengan'],True,False
734,Ckf4Ad62HFqXbUC1CtQE,"['penyetan', 'mie', 'nasi putih', 'risol mayo', 'cireng isi']",True,True
735,CkiMM4hBOMBHV3YbzHo3,['mie'],True,False
736,Clc2hACJxj37G5edCD0K,['sayur harian'],False,False
737,CltmIoC4nSUpjy0ebUsO,['risol mayo'],True,False
738,Clv35xwaL6XFiiG6qVeU,['sayur harian'],True,False
739,CtI8jERPAWSMXTicHH4N,['kopi'],True,False
740,Cu3nqV0dmL4iFfGaiXKq,['sayur harian'],True,False
741,CvXTjzGYQc6Sf6u4LtuN,"['penyetan', 'cireng isi']",True,False
742,CvYgrKC37JTIFlyxy7Wr,['sayur harian'],True,True
743,CxjTvENhpPor9XVk83mg,"['kopi', 'gorengan', 'kopi', 'risol mayo']",False,False
744,CyHP9xoNZDs0MQroZWwY,['nasi putih'],False,False
745,CzabMbQiC3ylk0zXPQt2,['risol mayo'],True,False
746,D0UFyZvRikj2Qy5uUSZA,"['teh', 'cireng isi']",True,False
747,D30nejqTSGo0KO5fKrYY,"['penyetan', 'teh']",False,False
748,D471a1duXfZHgHRhj8ij,['float'],True,False
749,D504hxFLP54WBP2Ci9s7,['risol mayo'],True,False
750,D5XNeuFgFGrRLoRPW0iy,['float'],True,False
751,D6j8GPTfFkVDAYrPxxNS,['float'],True,False
752,D7SbCXvVQsqy9KFYnRNp,"['penyetan', 'teh']",False,False
753,D8L3F7CNlHbv637O7BMW,"['mie', 'teh']",False,False
754,D9ikEntrCm0OeaRiOFzj,"['risol mayo', 'gorengan', 'float', 'teh']",False,False
755,DAbqATrUshzqNvKZd008,"['penyetan', 'es jeruk']",True,False
756,DB98rGdYam10AStVnSGO,['kopi'],True,True
757,DBEubCpvP4v3vFB8rOhA,['es krim'],True,False
758,DDh5xzbvbAjLlJcrcuo0,"['cireng isi', 'gorengan', 'nasi goreng', 'kopi', 'telur', 'kopi']",True,False
759,DDx6gsVKcUFVB6PqyNUm,"['risol mayo', 'pisang coklat keju']",True,False
760,DDygN6uObcdmydtfFT1m,"['pisang coklat keju', 'pisang coklat keju', 'penyetan']",False,False
761,DHWVOwXEzkzNHtDrn6oS,"['teh', 'mie']",False,False
762,DJPvFNQikUeo9jwn0tP7,['tahu krispy'],True,False
763,DJXrt5PyyuEZmmE47PyV,"['nasi goreng', 'cireng isi']",True,False
764,DKmqBw6nRZqm8rwP3KcF,"['penyetan', 'teh']",True,False
765,DPfR00gIoWyfekdYseFc,"['cireng isi', 'cireng isi']",True,False
766,DQBmDkCQzOBfg6ZQ7qap,['air putih'],False,True
767,DRDnljgt3DJvBuq0imBh,['cireng isi'],True,False
768,DRjVo5m3LUqFdZXTtQ8U,"['nasi putih', 'mie', 'gorengan']",True,False
769,DSIsgBWcdhGZDuySPxyp,"['float', 'teh']",True,False
770,DSWu9I7qhu42a2hkWUft,['float'],True,False
771,DT6LmX6jTD8Yv6sEZQTV,"['penyetan', 'teh']",True,False
772,DTEJpStrqCALB3zW7Ilq,['gorengan'],True,False
773,DTQEHd0tnr9A7mqvESwp,"['cireng isi', 'cireng isi', 'penyetan', 'nasi goreng', 'es jeruk']",False,False
774,DTSwjKjLDBcf9rs31XNi,"['penyetan', 'teh']",True,False
775,DTXGwJaqqIs5JV6uiBhF,"['sayur harian', 'teh']",False,False
776,DUw8fS0Iyx59Wrq02q77,['nasi putih'],False,False
777,DWqbzQJuuO4Ne0u2nR5V,"['gorengan', 'cireng isi', 'risol mayo']",True,False
778,DX5VmNXPCdEuT0pafeLK,['float'],True,False
779,DZZ3w79fSIgUoaxeCM0u,"['mie', 'tahu krispy', 'teh']",False,False
780,DZoMkalLn2ThQAg87MkD,"['mie', 'kopi']",True,False
781,DaNBPFeC5vyC7HMS5uLv,"['kopi', 'penyetan']",False,False
782,Dbe2UAkavj0x607dUoBG,"['penyetan', 'tahu krispy', 'nasi putih', 'float', 'mie', 'risol mayo']",True,False
783,DcYisNOLtoXvAw17zKFT,['teh'],True,False
784,DdkXxb26QullqK4Ksl5U,"['nasi goreng', 'es jeruk', 'pisang coklat keju']",False,False
785,DfafiS1fK7OCrqU9qj54,"['teh', 'risol mayo']",False,False
786,DgA1Wa9RjNQz4Rd6MLD8,"['mie', 'mie']",True,False
787,Di0bYcIERtUXhJli3Fmn,"['kopi', 'teh', 'es jeruk']",True,False
788,Dia26NSBU7wbq1Bj5j4h,"['risol mayo', 'gorengan']",True,False
789,DinEoCC2ujqW4JxxV54n,['teh'],True,False
790,DjqyEJzj2CUyDh2QRwDx,['risol mayo'],True,False
791,DkkmO3EDsXv5RYEfpCEM,['teh'],False,False
792,Dl8FLJFxUVMFjObxr1HN,['cireng isi'],True,False
793,Dn0ZwBXpFS43HV5gdTc6,"['nasi goreng', 'telur', 'risol mayo', 'float']",True,False
794,DnCGuSLeviPuYvYBECHq,['kopi'],True,False
795,Do3gEbrBsydjmWvxkROc,"['teh', 'es krim']",False,False
796,DoTqX9eKWP28eUSSUeLf,"['float', 'risol mayo']",True,False
797,DogXXUouEeWSgZFiKBXm,['teh'],True,False
798,DozjuEr5M52hjxwxRxnE,['teh'],True,True
799,DpsHW2UcwspKXyi6ej1K,"['sayur harian', 'teh']",False,False
800,DqJyAN9zZdmbM7uNwudW,['air putih'],False,False
801,Drs2lUDOwiaC62VfJuUp,['risol mayo'],False,False
802,Dt8akrhNpwJyRmrJT2lp,['kopi'],False,False
803,DtJuyDX7ZfAIGOk3dhLo,"['gorengan', 'cireng isi']",True,False
804,DuyrloGafRuqhA1tOLIG,['gorengan'],False,False
805,Dxj4pmh3SUB8TWOnGTZX,"['penyetan', 'es jeruk']",True,False
806,DzRfgLCuwpAartyI0hOl,"['kopi', 'risol mayo', 'pisang coklat keju']",True,False
807,DzhHraJFHQgJzxaGgG5A,['kopi'],True,False
808,E0ZTOef73asAXfNwZ1n5,['risol mayo'],True,False
809,E0iV1WNd1lgzpq1a0kfN,"['mie', 'teh']",False,False
810,E1A2rqPYvi47kA9fiEwH,"['cireng isi', 'mie', 'penyetan', 'es jeruk']",True,False
811,E1qBTEQaN2WY3qNNnpwY,"['penyetan', 'teh', 'sosis goreng']",True,False
812,E3YZNkjfrz05d68chhUQ,['risol mayo'],False,False
813,E5nLaoh0MKuW0HJzKY5J,"['nasi goreng', 'risol mayo']",True,False
814,E6jjhUd5C6qkn2SXHscE,['gorengan'],True,True
815,E8EBF4HUbMib1Lamlo6Y,"['risol mayo', 'cireng isi']",True,False
816,E9kGrieG603T3EXfnKzS,['penyetan'],True,False
817,EBAY1omQWE7aBo1kOpxp,"['sayur harian', 'kopi']",False,False
818,EBGeX4IbcY8LXG6pDDiP,['risol mayo'],False,False
819,ED3y83ckFxLxEN6AyFbj,"['mie', 'cireng isi']",True,False
820,EDxUWZJwSW902hGvJDu8,"['risol mayo', 'pisang coklat keju']",True,False
821,EEyRnurD5M7F8GkL4ugJ,['float'],True,False
822,EGAxFpUSFt5ChXzRTtiD,"['teh', 'tahu krispy']",True,False
823,EGS1U8xB6dNdUdFqAwac,['penyetan'],True,False
824,EGo35YyyRkAXDhA79LE9,"['risol mayo', 'cireng isi']",True,False
825,EHgVPeQQAw1bkvyGAJKg,['gorengan'],True,False
826,EJSmuY3g8StrkN1kTHOZ,"['tahu krispy', 'float']",True,False
827,EJvfhJx3BNV35d0E8O93,['kopi'],False,False
828,EKVwjvnNGj7aMDzHLgLM,"['penyetan', 'teh', 'cireng isi']",True,False
829,ELz6XSUtqIvvGUMXGC8G,"['es jeruk', 'teh']",True,False
830,EM3oYkLCB53XnvottdT6,"['mie', 'teh', 'float']",True,False
831,ENQFzZLslLfaGSdNVt1N,['french fries'],True,False
832,ENvkxDXV4FN47eD0KGlg,['kopi'],True,True
833,EOS9DpBOcRU9N5m8Swuz,['float'],True,False
834,EOeagG9x28jDyXmss59N,['air putih'],True,False
835,EPjDwTbzpxstr8rkO7LT,['teh'],True,False
836,ERasbDtYHf2D74zjJbAi,"['teh', 'pisang coklat keju']",False,False
837,ET8UvDUl9SAxLCyocwEa,['float'],False,False
838,EVO0oXxMf6pNArZbmRYh,['gorengan'],True,False
839,EX2Z6T3DThZa1IZWchZO,"['cireng isi', 'risol mayo', 'air putih']",False,False
840,EYJ76hDQYh8pcLRVJr7d,"['risol mayo', 'gorengan']",True,False
841,EZAeSmZFCRJW4kxeTIBj,"['air putih', 'kopi']",True,False
842,EZsOQiOFsZbgBv20sb68,['gorengan'],True,False
843,EaT6mlnw81b7iRRL0Trv,['kopi'],True,False
844,Ehtb0SYYWpss0pJ7Oza7,['sosis goreng'],True,False
845,EhvAblz1FpdPoydaBbrP,['teh'],False,True
846,Ej3KDm0hQuk9avZusdtQ,['teh'],True,False
847,EjGtoWREt5n9phXNWFS4,"['pisang coklat keju', 'teh']",False,False
848,Ek7BCURWeQofR3s5eQyL,"['mie', 'kopi', 'penyetan', 'penyetan', 'teh']",True,False
849,El8EUS95AdIfh0a9SowT,"['kopi', 'air putih']",True,False
850,ElqpkxcnhgusDX6faafD,"['kopi', 'kopi']",False,False
851,Emaj9RukrR7U8NV822BH,['es batu'],True,False
852,EmnF48KPatOOjXQrYlRB,"['french fries', 'teh']",True,False
853,EnJCGSoL5vVihhBmCpkK,"['es krim', 'pisang coklat keju']",False,False
854,Env9cr5NkYpAnK3A3gPg,"['penyetan', 'teh', 'pisang coklat keju']",True,False
855,EpTdJN5b9OGfXIKkrC16,['es jeruk'],True,False
856,Eq6V4hNdkADwqbm9wtkM,"['kopi', 'teh', 'penyetan']",True,False
857,Er2qUoao2OuVjsjFU51x,['risol mayo'],True,False
858,EtuT7WYfgG4juLZLtfQv,"['gorengan', 'es jeruk']",True,True
859,Ewq8khqmNaUrEhNQkBmJ,['penyetan'],True,True
860,ExOgdKXsUcTIwfG2U9zQ,['gorengan'],True,False
861,ExxO5v8QRb0Onw6GcN38,"['cireng isi', 'gorengan']",False,False
862,EyWCYdS7yi2uFZG8BQi6,"['teh', 'gorengan']",True,False
863,EzJ6vTGMpZXhHyCa9kZC,['es jeruk'],True,False
864,EzcIdkoj5rXJCoVAuwH7,"['french fries', 'gorengan', 'gorengan', 'air putih', 'mie', 'penyetan', 'es jeruk', 'risol mayo']",True,False
865,F133hYTKgqBdjDJPEGpu,['air putih'],False,False
866,F1fl7Kk4MZz5Gns8PgdH,"['tahu krispy', 'pisang coklat keju']",True,False
867,F2JYjC8BSnYdwHed3MvL,"['pisang coklat keju', 'kopi']",True,False
868,F2MfRNGY2yTt0Tpy3V7S,['kopi'],False,False
869,F3BhlLMnYv2QrdA0h86G,"['mie', 'teh']",True,False
870,F3LDw728kEu16ciE1b5v,"['sayur harian', 'teh']",True,True
871,F4lHcnJcRMJDrrVq41Bq,['kopi'],True,True
872,F57U2vhl3A5yVM5xNh6w,['gorengan'],True,False
873,F5zWNR9QFJcrWD2bhhWd,['mie'],True,False
874,F6N4cRudy9RUVSyC7lqv,"['float', 'float']",False,True
875,F6c1Ow9h1XgoP6ss7WzF,"['teh', 'es jeruk', 'gorengan', 'pisang coklat keju']",True,False
876,F7ysnMCBBIwr44z4c6HE,['risol mayo'],True,False
877,FC8paFbHGfinGHI2EKAB,['es krim'],False,False
878,FE42mH3MKjTD3U8NSpZF,"['penyetan', 'teh']",True,False
879,FFb1SgXcTwOpqeTZ1OnC,"['cireng isi', 'float']",True,False
880,FFwYDgC7siBbGNiWgaRo,['sayur harian'],True,False
881,FG7ri2itZnooYce2lkbk,"['nasi goreng', 'mie', 'teh', 'gorengan']",True,True
882,FGPWB7Q0nQh8UMChWdaC,['nasi putih'],True,False
883,FHA7rkZ8KfVmAZYY7DSZ,['gorengan'],True,False
884,FHAAeQXdinjV85MtMtII,"['kopi', 'teh']",True,False
885,FJ33mcBkyRzMH174x3uj,['es jeruk'],False,False
886,FJ9qdiDkdCK8YPqRGkqn,['mie'],True,False
887,FJlgQvKRxtfl7BaCphzL,"['risol mayo', 'cireng isi']",True,False
888,FKLfBqgF7BmYvqWtPGkT,['gorengan'],True,False
889,FKwMgOsFfg7PeTJjWnAj,"['mie', 'mie', 'nasi putih', 'teh']",True,False
890,FLihMxc5Sl6o9AweQC7d,"['mie', 'cireng isi', 'pisang coklat keju']",True,False
891,FM9UiVfPsHaAD5Gm4UVj,"['sayur harian', 'es jeruk', 'mie']",True,False
892,FN02d81OGxQzEJSoPqWA,['risol mayo'],False,False
893,FOdUfFCn0vxZ2FjjoV9b,"['nasi goreng', 'telur', 'teh']",False,True
894,FOrlvmIjDnzTC6b3Aet9,"['es jeruk', 'gorengan']",True,False
895,FQB0B383k91wMQsBhWtf,"['cireng isi', 'risol mayo']",True,False
896,FQDO3SWTM9huYyX33umn,"['penyetan', 'gorengan']",False,False
897,FRz3HlGwrlfWvfWlaEi5,"['tahu krispy', 'sosis goreng', 'kopi', 'risol mayo']",True,False
898,FSselJrdVdaBjRuOOBM7,"['cireng isi', 'gorengan']",True,False
899,FXx0UFfhMgzA0aaXR770,['sosis goreng'],False,True
900,FY7oh81rLbj6wEpKWSwV,"['sayur harian', 'teh']",True,False
901,FYWPvQpb8jKCwdpKY1G8,['gorengan'],False,False
902,FZblURKl71QU4lG23ypc,"['penyetan', 'es jeruk']",True,False
903,Fa3pz53pIlIf8dDBgkYI,"['sayur harian', 'risol mayo']",True,False
904,FaiQFhgZlfGeyx0BdwKq,['risol mayo'],True,False
905,Fb4j2NjvOfnnkNBoewXP,"['cireng isi', 'risol mayo', 'tahu krispy']",True,False
906,FbL0GFy6OtkghnPybhhH,['gorengan'],True,False
907,FbXG1TKcJ4EEPubPKTX0,"['risol mayo', 'pisang coklat keju']",False,False
908,FcrU37wzaH4n4qKbaMx0,['es jeruk'],True,False
909,Fdx4oNDp7sSRFtoNKY7j,"['penyetan', 'teh', 'gorengan']",True,False
910,FetcSKh2HQGCbKn3fuX3,"['penyetan', 'sayur harian']",True,True
911,FfPuUKcc4mlTRmXeExCl,"['nasi goreng', 'telur', 'kopi', 'pisang coklat keju', 'gorengan']",True,False
912,FfYHXI1oVaRsAV4eqwOM,['kopi'],False,False
913,Fg1dAMPC85t6IewrNLGJ,['gorengan'],True,False
914,FgJgNLBwTJyvBTmS4219,['kopi'],True,False
915,FhX0qdcvvf01I3rpRoZX,['teh'],False,False
916,FiiykttKVTY6byYI8OMj,['mie'],False,False
917,FjcZA5ly8GpvhJBsg67j,['mie'],True,False
918,FlMXxSwvVrVhuNednNbF,"['float', 'float']",True,False
919,Fn2DdaWcv9JTvdP3mIO4,"['pisang coklat keju', 'risol mayo']",True,False
920,FndWPL2q0m2aLglJ3KAi,['sosis goreng'],True,False
921,FphPV9JbSiXznjCwQweH,"['kopi', 'cireng isi', 'risol mayo']",True,False
922,FpzodcmsU9ZtamEkGOQw,['gorengan'],True,False
923,FqJ11BSNHyxYhlO7daz0,['air putih'],True,False
924,FqUqO7gKqEdjRFcq6Xpe,"['penyetan', 'kopi']",False,False
925,FqiwxKRT7dfnOLnJiFc6,"['penyetan', 'penyetan', 'teh']",True,False
926,FqwwzhGCItwfgyL6L5Il,"['float', 'kopi', 'penyetan', 'penyetan', 'float']",True,False
927,FsK0TtHrPPjsfRACV7Ln,"['mie', 'teh']",True,False
928,FuCi4EDxtb423Bd9wObu,['gorengan'],True,False
929,FuMzh7HgX1U7RoG7NnYM,"['penyetan', 'gorengan', 'teh']",True,False
930,FumFFjvN9FQhLVkYFUUQ,['cireng isi'],False,False
931,Fva51tuxsTwYcMWtInOc,"['nasi goreng', 'gorengan']",False,False
932,FxSixSrFwkRUJCuoWQzx,"['kopi', 'es jeruk', 'nasi goreng', 'cireng isi', 'risol mayo']",True,True
933,FyGrT43wYGSpjqKCRFcS,['cireng isi'],True,True
934,G1jEW4DC9PstaaTr8ICt,"['penyetan', 'kopi']",True,False
935,G2JJkE6PiRzr0FYKNc3A,"['nasi goreng', 'mie', 'nasi putih', 'teh']",True,False
936,G42HvY0hXQ2qtIE2WEKN,['kopi'],False,False
937,G6XKOLYO5tXRiB0UgtQY,['air putih'],False,False
938,G71ssrKhH3LlqyUWOhS1,['es jeruk'],True,False
939,G74ELCvjrFoqKUtP1B5D,['teh'],True,False
940,G8XQ59nvECycvGrEwrIJ,"['teh', 'mie', 'tahu krispy']",True,False
941,G9CuwcpYkqv1BwbxgMjK,['gorengan'],False,False
942,GAKzb9bzLP1ps6OL30ho,"['sayur harian', 'kopi', 'teh']",True,False
943,GASbHWSbhNtJZbnUBkvX,"['sayur harian', 'telur']",True,False
944,GB7VNxKaR6BcAxXi7lr0,"['teh', 'teh']",True,True
945,GDATa6JKzvNH93JyDY1H,"['cireng isi', 'pisang coklat keju']",True,False
946,GELQtZxUe8cFCixmh66r,"['cireng isi', 'gorengan']",True,False
947,GFb7CZxZXkweKoMhXkBx,"['risol mayo', 'pisang coklat keju']",False,False
948,GGPISAqngrNZwIn1M5wr,"['mie', 'cireng isi']",True,False
949,GHWB7e1oODCf166t69Ae,['teh'],True,False
950,GJtKakOLESIu699NETN2,['air putih'],False,True
951,GKFHyI19Q44Es7Az8Ir7,"['kopi', 'sosis goreng', 'mie', 'kopi', 'kopi']",False,False
952,GKw3lRP8xEQTDXbTySUg,"['mie', 'mie', 'sosis goreng', 'risol mayo']",True,False
953,GLMyNgXw8TKe7ajwxi91,['float'],True,False
954,GMIQZZPVnRwYW7FleGLy,"['nasi putih', 'telur', 'cireng isi']",True,False
955,GOnpB2XjyPHU170XByw9,['teh'],True,True
956,GR7mHpiv98QYpf5MDD9y,"['kopi', 'cireng isi', 'kopi', 'french fries']",True,True
957,GSfJvKBDjp6SY5d50Ve3,['sosis goreng'],True,False
958,GTcQ9a5l4OYVuteNEJGk,"['sayur harian', 'teh', 'gorengan', 'kopi']",False,False
959,GTe7ogw0WtH9YYcOZOgv,['pisang coklat keju'],True,True
960,GTlWRUCkKv1ryW2oAFBq,"['sayur harian', 'teh', 'gorengan']",True,False
961,GUMDmAB6G4S1brf6bluW,"['risol mayo', 'cireng isi']",False,False
962,GUaONHK1Kb4R0ENDLBLT,['es batu'],True,False
963,GWtTSjyR8wPDETbCTEQm,"['penyetan', 'risol mayo', 'penyetan', 'kopi', 'mie']",True,False
964,GYkwaNzzwALP2TMCzaJb,['air putih'],True,False
965,GcRUnB9HEFBSO4SFC6B2,"['mie', 'penyetan', 'float', 'risol mayo', 'teh']",True,False
966,GeNfLIUs3kPUPhiCNm8P,['cireng isi'],False,False
967,GeyZFRtVQnE1DGZqT8SU,"['mie', 'es jeruk']",True,False
968,Gfc2svA1dA0Jd4M6llA4,"['mie', 'kopi', 'teh']",True,False
969,GfoGt4ZLbmZ5YEht6tNq,['es krim'],True,False
970,GgfsrXDoEH6YadrkSf1k,"['mie', 'es jeruk']",True,False
971,GiH3npvBwXCSKuUksWAR,['cireng isi'],True,False
972,Gj21YPas31iYDcS9sPWN,"['penyetan', 'air putih']",True,False
973,Gje84OrtZ3f7VRhKIAyH,"['es jeruk', 'risol mayo']",True,True
974,GkONZU1nbNxArUbvpR74,['cireng isi'],True,False
975,GlB77Af1NR4mqJSwLT7E,['penyetan'],False,False
976,GlOtyqDCewdpSPBdv5CJ,"['penyetan', 'kopi', 'gorengan']",False,False
977,GmrH195b4c0gEfZ4b31w,['float'],False,False
978,GoXUtNWF20VvqD9P6KDV,['risol mayo'],True,False
979,GoifFHLWIVs2pC6P29q6,"['sayur harian', 'tahu krispy']",False,False
980,GomZE8M83gqnyrGsC90O,"['gorengan', 'penyetan']",True,False
981,GpbUOPPJU6e50nhlGZlY,['kopi'],False,False
982,Grz9pY4dMfLLqNQ2IuFG,['kopi'],True,False
983,GsUDDM4BsfO2cgQanVgK,"['gorengan', 'french fries', 'air putih']",True,False
984,GsZdgTRFqm4NCc9rkHHl,"['kopi', 'pisang coklat keju', 'pisang coklat keju']",False,False
985,GyJjBqPbwt0keuS73S5p,"['mie', 'float']",False,False
986,GycfyWkeHNL8AD4sWwI4,['teh'],True,False
987,GyzAg6PWLhujokfbxvmP,"['risol mayo', 'gorengan']",True,False
988,H09qArTznQgkpFdfBeQa,"['penyetan', 'sayur harian', 'teh', 'gorengan']",True,False
989,H0YbSGU9rONP9i8gC58i,"['sayur harian', 'float']",True,False
990,H1i1EODMfCEb1GdhMY99,"['teh', 'mie']",True,False
991,H2qmRSz9VvyzUi1sHjT9,"['nasi goreng', 'telur']",False,False
992,H6USzH8izu8e3zs1Ufg8,['mie'],False,True
993,H70zFV1D3filyrNudO4F,"['penyetan', 'teh']",True,False
994,H7KpH01dTLrNcjOSM0Pw,['kopi'],True,False
995,H7VSZEwUtrrkLvE4xju6,['teh'],False,False
996,H8OXE7NQjJpjUw7cjbf7,['es krim'],False,False
997,H8qABOy1VMkMHhCDzi33,['air putih'],False,False
998,H8v23DANUwjy5UHJdjZl,"['mie', 'nasi putih', 'sosis goreng']",True,False
999,HA5JSKdBf2RAWvBX1xIm,"['cireng isi', 'gorengan']",False,False
1000,HBISjRadNNtNCK5cZxaF,['gorengan'],True,False
1001,HCdPvpPUFjeepUOXdCOt,"['penyetan', 'air putih']",False,False
1002,HCvJlZgAKgH1Eg8rCfI0,['gorengan'],False,False
1003,HDPaCeYZkGN1aLDukMh2,"['float', 'kopi']",True,False
1004,HDWk6bsILzcJXusJlYYq,"['cireng isi', 'risol mayo']",True,False
1005,HE2r63QmL6whP6OKjjkG,['gorengan'],True,False
1006,HEsTpm2y6tNH4ylknOwn,['kopi'],True,False
1007,HJ6VmdzgO55Ao8DRDEck,"['es jeruk', 'french fries']",True,False
1008,HKgQCpdhGsUv5Ylx1OTm,"['float', 'kopi']",True,True
1009,HLArMi3isclJGxTo4r7g,['es krim'],False,False
1010,HLGbEgvTo7ltKt8bAFe6,['risol mayo'],True,False
1011,HNPX3yzLgLWubeAcCpdh,['kopi'],True,False
1012,HOWmYt5y0mp4C7L5NoGp,"['risol mayo', 'es krim']",True,False
1013,HRS2kMIiP1UX2L0Ota2I,"['risol mayo', 'kopi']",True,False
1014,HS2rV1IU09bLhr6YaVOP,['pisang coklat keju'],True,False
1015,HSKRqR3QzohaoE7Dwl6x,['kopi'],True,False
1016,HSTkRnwLushlZKPPy1My,"['es jeruk', 'french fries']",False,True
1017,HTtJJVNYjN56eMCaX6mb,['es krim'],True,True
1018,HTvojhuDoVvFldmUYvla,"['risol mayo', 'cireng isi']",False,False
1019,HX7hz6u1E4YsTVGA4AoJ,['float'],True,False
1020,HYe698abrqppaHTzFx7b,"['float', 'cireng isi', 'gorengan']",True,False
1021,HYswcs3WcQveZVM9xvdf,['cireng isi'],False,False
1022,HYvRZTMlPGgTITSqAOyR,"['penyetan', 'es jeruk']",False,True
1023,HZ28vXZHip9GbNoyiHCE,['sayur harian'],True,False
1024,HZtm9tK1rplv4TKJyh00,['penyetan'],False,False
1025,Haze2ApD5830xgq8v8Sf,"['penyetan', 'teh']",True,False
1026,Hb68CI1MtrZd5rMH44t4,['pisang coklat keju'],False,False
1027,HbHFYidENPtM8U3MFzD3,['es batu'],True,True
1028,HbSOCiinsBmdZH1u5MWL,"['mie', 'cireng isi']",True,False
1029,HblqwgTGuhh75rsLENlX,"['kopi', 'teh', 'es krim']",True,True
1030,HelFtX4TTVf5dPySW8C1,['cireng isi'],True,False
1031,Hen0KpNywcGwMR74kt1f,"['kopi', 'risol mayo', 'sosis goreng']",True,False
1032,Hi7BRPRFCM3KmvXLGY73,['penyetan'],True,False
1033,Hkk55poXBQ3b9UInzJv1,['sayur harian'],True,False
1034,Hl0EoEaqSVEkQJT2PveK,"['penyetan', 'kopi']",True,False
1035,Hm4RMzgjy5gchzGnOBBt,"['mie', 'nasi goreng']",True,False
1036,HmZY6GDIqVCayypKkrPX,['penyetan'],False,False
1037,HnMb6Zd1usvlcpkJijwX,"['kopi', 'tahu krispy']",True,False
1038,Hog0072YZrWqI4UUuZI5,['kopi'],True,False
1039,HpnUHcnbrH0fk0lheDDf,['kopi'],True,False
1040,Hq43qFAaQn0Lxn18BlwM,['sayur harian'],True,False
1041,HsyQ7UMWAeX2LvX9Cmlc,"['kopi', 'gorengan']",True,False
1042,HtOctvCzifuOXLTHyyV1,"['risol mayo', 'cireng isi', 'air putih']",True,True
1043,HvDZr2QgWErotHKuaput,"['kopi', 'teh', 'kopi', 'teh', 'gorengan']",True,False
1044,HyE08RasSGRoMefzFew7,"['risol mayo', 'teh']",True,False
1045,HzQ3MDkhYIE5HbZ5QwZp,['cireng isi'],False,False
1046,HzSf4lBxGNovKs0Xdf4v,"['cireng isi', 'gorengan']",True,False
1047,HzVhD1h6SfNxmVXQK1Fr,['float'],True,True
1048,Hzd1NUeT3b0C6pGaiW6m,"['kopi', 'penyetan', 'gorengan']",True,False
1049,I0sMVjYxrzCSPMKI7puO,"['float', 'cireng isi']",True,False
1050,I1ZlpQTlpkNVS3iBHtTD,"['penyetan', 'pisang coklat keju', 'cireng isi', 'risol mayo', 'teh']",False,False
1051,I2Ysk6yJUDo0YMtHJaG6,"['teh', 'gorengan', 'cireng isi']",False,True
1052,I352oYDTqBKXffTTDFjS,"['mie', 'gorengan']",False,False
1053,I3cf4Y8aBneKRNgR97qk,"['penyetan', 'gorengan', 'es krim', 'sayur harian']",True,False
1054,I3uMO8UiDP9hCgT98vop,"['kopi', 'risol mayo']",False,False
1055,I5BgL1IcytjLCOBggaNt,['kopi'],True,False
1056,I6KCQch03Hp23rbYd2G4,['kopi'],True,False
1057,I9kjmxgHH98783FxHWoC,"['mie', 'mie', 'gorengan']",False,False
1058,IAoPMym3I6aGzbL11nrz,['mie'],True,False
1059,IArKFGcWTAhS6WbMNDT1,"['penyetan', 'teh']",True,False
1060,ICSFz6XbWXfCzXIc4AIY,['mie'],False,False
1061,ICpfkAcqz0DCtVgPsUoD,"['es jeruk', 'teh']",True,True
1062,IE9rjpa0bhrE3lATp1J5,['pisang coklat keju'],True,False
1063,IF3k0jCOQOawAN8jrrRV,['nasi goreng'],True,False
1064,IF4EAl8qotfrNXBbeW2L,"['penyetan', 'teh']",True,False
1065,IFx9Z2nhua32aGRQdMqs,"['mie', 'pisang coklat keju']",True,False
1066,II05TzAfd8FfEs0l1arM,"['mie', 'teh']",True,False
1067,IIjEHL8y8Ft9xiTk4Yvj,['float'],True,False
1068,IIulnrpQoRonqFKLS5Ll,"['mie', 'cireng isi', 'teh', 'teh']",False,False
1069,IJEwBEDFq0u0RtMvrZAN,"['mie', 'telur', 'nasi putih', 'kopi']",True,False
1070,IMPOuEXOOp8jlABORFE2,['gorengan'],True,False
1071,IN1TwXaem6IL6c5aHsQE,"['cireng isi', 'gorengan']",True,False
1072,INSg7Ux15hf85Q1bLBGU,"['sayur harian', 'kopi', 'gorengan']",True,True
1073,INjFDmcW8NUDbBpFNspe,['gorengan'],True,False
1074,IOvo2bKSiw52MxMClxBb,['kopi'],True,False
1075,IOyhaJc7PajaS8pZrDCO,['kopi'],True,False
1076,IPGbYNHGBgc1CsTjBB0Q,"['float', 'teh']",True,False
1077,ISW5gxV5U5T5UiepXnrU,['mie'],True,False
1078,ITLDjhPMNeN5771zYLj4,['risol mayo'],True,False
1079,ITiTOUp6ybOfQG6bRiFx,"['penyetan', 'penyetan', 'sayur harian', 'sayur harian', 'mie', 'kopi', 'float', 'kopi', 'teh', 'gorengan']",True,False
1080,IUGHxmJdZd7cBTnMQoah,"['penyetan', 'float']",False,False
1081,IUNhHKr2pnlIQs4YrFw9,['es jeruk'],False,False
1082,IYQOdykZXud2bKKMBhSf,"['risol mayo', 'teh', 'penyetan']",True,False
1083,IYeMUvPGIfMdtpdkbLCo,['es jeruk'],True,False
1084,IYo841M0wcoV3VN322Ee,"['tahu krispy', 'french fries']",True,False
1085,IZJcYsPVpSsVqqpDPekV,['penyetan'],False,False
1086,IakJ3yBnbppeUpkaxIju,"['nasi goreng', 'risol mayo', 'kopi']",True,False
1087,IbGI0V84hZBGTMn16fWt,['penyetan'],False,False
1088,Id2aiKPXsrLUT1glrrWd,"['risol mayo', 'pisang coklat keju']",True,True
1089,If5KUv3ReiZnn18Q4iXH,"['cireng isi', 'risol mayo', 'risol mayo']",False,True
1090,Ihb0mrG3T84VeMT2w8Ec,['mie'],True,False
1091,IkansF3750i8MBjoQ2Xl,['risol mayo'],True,False
1092,InGgXJltXvWetpXhwGVJ,"['cireng isi', 'gorengan']",True,False
1093,IncCDGiDx7tWeZG3tsn5,"['penyetan', 'mie', 'teh']",True,False
1094,IneHodGbgsyMXiclVGCo,"['sosis goreng', 'tahu krispy']",True,False
1095,IofmfjAYuziOUipTZpNe,['kopi'],True,False
1096,IpZQSp19BMCltngTDSO2,['air putih'],True,False
1097,IqR3kTvf4p5xWdNF0I1V,"['mie', 'sosis goreng']",True,True
1098,Is3V9VCcFY08UEV1XiaL,['teh'],False,False
1099,IsF9sZghybDXemlpgPex,"['es jeruk', 'teh', 'risol mayo', 'risol mayo']",True,False
1100,ItJu8iivMT02eJcsiDRq,"['penyetan', 'mie', 'penyetan', 'es jeruk', 'float', 'sosis goreng', 'pisang coklat keju']",True,False
1101,ItmPsZ1XHjrJdHTN5KDW,"['gorengan', 'pisang coklat keju']",True,True
1102,Itx7XgWozmDrBDgGygXU,"['cireng isi', 'teh']",True,False
1103,IwPNEtAOh4OukoM8pvbE,"['sayur harian', 'es jeruk']",False,False
1104,Iydd4styTr0lhIav9T69,"['sayur harian', 'kopi', 'gorengan']",True,True
1105,Iyrglu4KIJ5cWB5ySCvt,"['sayur harian', 'teh', 'pisang coklat keju', 'cireng isi']",True,False
1106,IzYMIvYKif0HP5uAh9b0,"['penyetan', 'penyetan', 'teh', 'tahu krispy']",True,False
1107,J0w6xeFIwZZMthuZWzpf,['kopi'],True,False
1108,J1lGXCstIv3rZ4TgeiXI,"['penyetan', 'teh', 'sosis goreng']",True,False
1109,J1vyQdjtYs69edMEjIUW,['kopi'],False,False
1110,J4o3AWOwNVXiDzFOkMDq,['kopi'],True,True
1111,J5oJUH6Gmd8tBhqWTQS8,['mie'],True,False
1112,J63JZvOEyjvUAb3XZURb,"['float', 'air putih', 'tahu krispy', 'risol mayo']",True,False
1113,J7AIbuUtixqFzhKWXr63,"['tahu krispy', 'sosis goreng']",True,False
1114,J7NIJfaZvIk2UApBfK5p,"['penyetan', 'cireng isi']",True,False
1115,J8xlu6xTAQdd5QyFhv27,"['risol mayo', 'cireng isi']",False,False
1116,J90vNdCx1MpsTb2TE87v,"['mie', 'nasi putih']",False,False
1117,J9CmqOBfoyYVboDggDks,['gorengan'],True,False
1118,J9uAAPdyaJTpdjqxGCIF,"['penyetan', 'risol mayo', 'gorengan']",True,False
1119,JAvXljBfCzfqwrIqbrWL,"['kopi', 'es jeruk', 'gorengan', 'cireng isi', 'risol mayo']",True,False
1120,JBQ1o2p9rmaTrKEW9Gca,['es krim'],False,True
1121,JCSahUZSaTLR7Sbn1qYn,"['nasi goreng', 'teh']",True,False
1122,JHbP8h8yGilYaaZnfTQb,"['nasi goreng', 'gorengan', 'pisang coklat keju']",True,False
1123,JIQ0rHnDufDRg1ShvBLA,"['es jeruk', 'kopi']",True,False
1124,JJ5dy5uWARrvGzt30Fdo,"['risol mayo', 'gorengan', 'gorengan', 'gorengan', 'teh']",True,False
1125,JJFdahsP4wMNt9wTvFZc,"['penyetan', 'nasi putih', 'air putih']",True,False
1126,JK29OKaTsdHbqYoGPmfT,['es jeruk'],False,False
1127,JKT5mZRdhhtZ9y6dp2Ni,['kopi'],True,False
1128,JMOCXKisP0nHwUvLlcAA,"['mie', 'tahu krispy']",False,True
1129,JMUDfQSEjciDIHPHKgJH,['mie'],True,False
1130,JNI2mu9kgLeTvnofC77s,"['teh', 'pisang coklat keju', 'gorengan']",False,False
1131,JNXwkdifaIw60aGZJKvM,['cireng isi'],True,False
1132,JPo3Ult2dIFajxW4vOs5,['gorengan'],False,False
1133,JTNQOhCC2UqjRSVPwtuH,"['kopi', 'kopi', 'teh']",True,False
1134,JXdUrra3hmIqGtb9g4KZ,['risol mayo'],True,False
1135,JZ2BIXlC8OjaQfxiusTx,['air putih'],True,True
1136,JZDzurhIt2x19C44gWum,['gorengan'],True,False
1137,JbjH7qtRllm9SSH3Hcvd,"['mie', 'es batu']",True,False
1138,JcYI8g3iwOwtwJpX0O1L,"['kopi', 'float', 'float']",True,False
1139,JgJ1UCHreS1FoMvAC0N8,"['penyetan', 'es jeruk']",True,False
1140,Jird2RUyrM4nLZIVSb0j,['cireng isi'],False,False
1141,Jj2E0pMK58vbvsoUd5EA,"['cireng isi', 'gorengan', 'penyetan']",True,False
1142,Jj80xj5DFaCPdf6oXijf,"['french fries', 'teh']",True,False
1143,JjbuTWQwbWcF7MaBAzQR,"['es jeruk', 'teh']",True,False
1144,Jkc8cepfEwXSQnMcY8he,"['sayur harian', 'float']",True,False
1145,Jm63PAM5PNuelDesfqoL,['gorengan'],True,False
1146,JoDOFtCHuZ5AfwCA54DG,['risol mayo'],False,True
1147,Jp9MPvZEyBXm2uBym36y,"['teh', 'gorengan']",True,False
1148,Jtx305DsdyKub2CZLgzb,"['penyetan', 'kopi']",True,True
1149,JuCs59lE56Ze9YSj5xsL,['mie'],True,False
1150,JuKUpUwIKEI8bdX387Br,['gorengan'],False,False
1151,JuaEGfuSC0CXbmIpT2Nh,"['penyetan', 'es jeruk']",True,False
1152,JuuMdbO88qqFeYqj2QuG,"['mie', 'teh']",True,False
1153,JvLbNagWKTyohuTjTVB7,['float'],True,False
1154,JwmAaNolWgTIxDENerfD,"['nasi goreng', 'teh']",False,False
1155,JzTP9iy7P1zKlwnTWjMm,"['mie', 'cireng isi']",True,False
1156,K1UcGMGYazPM3KNXZbK6,['kopi'],True,False
1157,K27AyuHIeQtLZUPURBky,['cireng isi'],True,False
1158,K4XNSWUM0OlStx4kTbbn,['gorengan'],True,False
1159,K5Gf6mfGTfSJWg126Rwv,"['es jeruk', 'pisang coklat keju']",True,False
1160,K5oFJ5kRDiByxz9UvTwS,['nasi goreng'],True,False
1161,K6cfEDVo91mjoUt44IlS,"['kopi', 'kopi']",True,False
1162,K7vygYzqeKvzLf1HhG0k,"['mie', 'es jeruk', 'cireng isi']",True,True
1163,K80Dp6jmb5FPdFV2z7Eb,['mie'],False,True
1164,K9zVnGmJUUpY524uI8wI,"['nasi goreng', 'air putih']",False,False
1165,KAzzKnyrJpjspL52bOF4,['risol mayo'],True,False
1166,KB4RdVyflLxSacBAdTv9,"['risol mayo', 'french fries']",True,False
1167,KCOjxBXKc9VOZVfZXDWo,"['es jeruk', 'cireng isi']",True,False
1168,KCnUsWZMVKQ9ZYRzsakp,['kopi'],True,False
1169,KD0ucaZsUo33v6BtgCn2,['teh'],True,False
1170,KFJIWokv3kMkfcJ2Kd4I,"['es jeruk', 'risol mayo']",False,False
1171,KFu5D6VMbpYRfzD7WO3g,['penyetan'],True,True
1172,KGT3PI8MHnHhUqcvftiM,"['float', 'kopi']",True,False
1173,KHWxFU4JPVl80pw0RKQC,"['penyetan', 'french fries', 'es jeruk', 'teh']",True,False
1174,KIx78pGAQzRXiCWmemhs,"['sayur harian', 'risol mayo']",False,False
1175,KJEfg6o9AUSS0hMoPF1Z,['kopi'],True,False
1176,KJiRmE8Tug0sffdbW1er,['es batu'],True,False
1177,KK4QIaakLeBRuCUiO8IT,['pisang coklat keju'],True,False
1178,KLks5xbxGi7EsqS8Q9Au,"['cireng isi', 'tahu krispy', 'risol mayo', 'teh']",False,False
1179,KNKkMhCJkwIi3HhSWzIk,"['mie', 'mie', 'risol mayo', 'sosis goreng']",True,False
1180,KOVcGQ4NH2Olvp366vOs,['cireng isi'],True,True
1181,KPitbijAzF6JWeZrTe4Z,['risol mayo'],False,False
1182,KQdLkNDWMTaVErSLQE1M,['kopi'],True,False
1183,KRT16NlJLT7TA4RniXOz,"['kopi', 'kopi', 'risol mayo', 'teh']",False,False
1184,KSIY5OTLS4HtlE4ZW6X4,['es jeruk'],True,False
1185,KTdPyIRBJKMOtdZscZwQ,"['mie', 'gorengan']",False,False
1186,KWPzPaHk0ZNLH0RW5etR,['teh'],True,False
1187,KXttmI8qw3VKulVKSukg,['kopi'],False,False
1188,KaCHa2VHz1NvKQlDb6TE,['penyetan'],True,False
1189,Kdx0lj73bEuUPwWloDyw,['sosis goreng'],False,False
1190,KfIBfnRldjtj0Vs2Y9WI,['cireng isi'],True,False
1191,KfecBd0N0v0sKuLKwXcl,['teh'],True,False
1192,KgckQCATfOSNtojfAmaa,['gorengan'],True,False
1193,KiDgIOak2vFo2YvWCrJc,['kopi'],True,False
1194,KlKpxv5hWwckw0WgmwI1,['air putih'],True,True
1195,Ko6kGGMJ7xPgz36RMrfI,['es jeruk'],True,False
1196,KpRTSl7B41nHOuC1zdNl,['es jeruk'],True,False
1197,KpVodRnNlWdI8QpPWe8v,"['nasi goreng', 'risol mayo', 'air putih']",False,False
1198,KsypGTCZkDCYPJOAzDEM,"['risol mayo', 'kopi', 'cireng isi']",True,False
1199,KuTwr2nY3RF835lJ5cos,"['gorengan', 'sosis goreng']",True,False
1200,KvWgCWfOlAXVoNYVgbEL,['es jeruk'],True,False
1201,KwkDjiVB1VDKon8RykYk,"['penyetan', 'es jeruk']",True,False
1202,Kz9McIrf0rW6MupNRLgw,"['es krim', 'cireng isi']",True,False
1203,KzGLAKRwcNN0XuxskDHT,['cireng isi'],False,False
1204,L0kpJNz2ESoiRus986w1,"['penyetan', 'cireng isi']",True,False
1205,L1oOo63POJGaNJuQQb17,"['nasi goreng', 'gorengan']",True,False
1206,L2ERkw3bFXIwLNe6ESXW,"['pisang coklat keju', 'risol mayo', 'french fries', 'es krim', 'kopi', 'teh']",True,False
1207,L31wz518SP4ieVYLxQb7,['gorengan'],True,False
1208,L36DX1MWsdUsWwUILKwQ,['air putih'],True,False
1209,L44vGM8ia284CortvomT,"['mie', 'teh', 'sosis goreng']",True,False
1210,L5IHiByEPdU68DFlqPjb,"['cireng isi', 'gorengan']",True,True
1211,L9PUzs5lBJ9BhnsQSGv2,"['penyetan', 'gorengan']",True,False
1212,LCIpTRYi4uwfgr78WG5N,"['kopi', 'cireng isi']",True,False
1213,LCW0jXW62rwUVjo4D5fl,"['risol mayo', 'cireng isi', 'gorengan', 'kopi']",True,False
1214,LChcNOeJTV8vedrMYAzq,"['mie', 'nasi putih', 'es jeruk']",False,False
1215,LDyBQKmCXZ1uyVmIgkAN,['gorengan'],False,True
1216,LExZgd1M0waXzxI6SfP0,"['mie', 'penyetan', 'teh']",True,False
1217,LG4WRjBm0fabVBxI3lKG,['kopi'],True,False
1218,LGSC9ZC8QJIYrKktlFWp,"['sosis goreng', 'teh']",False,False
1219,LHA7mZLrnWc2fkf7Xh0M,"['kopi', 'sayur harian', 'risol mayo', 'french fries', 'cireng isi']",True,False
1220,LHC638JHkFjH72TnfyCx,"['mie', 'mie']",True,False
1221,LHquW7zIQqIMsQib7yUK,['air putih'],True,False
1222,LIk0KUZ0Vi3X79wjXuYc,['cireng isi'],True,False
1223,LIvILnGQCmt5JSCkSmoL,['kopi'],True,False
1224,LJIcHjvAsz4U57lEmksn,"['es jeruk', 'gorengan']",True,False
1225,LKPyBcix4S817VffNoSd,['kopi'],True,False
1226,LLeTa5ipgAEGHhnwfkBM,['gorengan'],False,False
1227,LMRJFMoRMFQQlSSdBzVc,['air putih'],True,False
1228,LMngKuTI4rO76QucS5u5,['mie'],True,False
1229,LMpYtb42A27fPS6JMnKa,"['penyetan', 'teh']",True,False
1230,LO8TUdDtaT5Im495BqBE,"['mie', 'kopi']",False,False
1231,LQzsIZNlPJOY0RnnXJax,"['float', 'tahu krispy', 'air putih']",True,False
1232,LTcCvyi7buQScq7mOWYP,['gorengan'],False,True
1233,LXVKLZOvNIXm4AkwAVWq,['penyetan'],True,False
1234,LZDWMAQMFUlSnh0Nbt0N,"['penyetan', 'gorengan', 'teh', 'nasi putih', 'risol mayo', 'sosis goreng', 'cireng isi', 'telur', 'mie']",True,False
1235,LZSD5hdWFhPeZeUFi5ys,"['french fries', 'teh']",False,False
1236,LbF9zyHoQds20rzzofn4,"['penyetan', 'kopi']",False,False
1237,LbivwMbxJhzgDCGd3Zla,"['penyetan', 'teh', 'cireng isi', 'pisang coklat keju', 'penyetan', 'es jeruk', 'french fries']",True,True
1238,LezIOsTv6nAO5lfOVMG7,['kopi'],True,False
1239,LfaMSpau7tcnTU3gHp7W,['mie'],True,False
1240,Lg8m2KsAU17RnI3KbWbW,"['teh', 'cireng isi', 'gorengan']",False,False
1241,LghkZfnKAMYvcxA9xBrG,['gorengan'],True,True
1242,LgoaZEHWAwijzZNCrMe9,['sayur harian'],True,False
1243,LgtKS9BsKanFAVuBLak5,"['mie', 'mie', 'teh', 'cireng isi']",True,False
1244,LjEpLamXpdiwFjHaUPup,"['nasi goreng', 'kopi', 'pisang coklat keju']",True,False
1245,Lk8lfP8fUCgrOeTPvt9j,['gorengan'],True,True
1246,LkgNk6Ycrqo0UdAEwjDt,"['kopi', 'kopi']",True,False
1247,LkkejFXt7x5pt16yJwUS,"['penyetan', 'gorengan', 'risol mayo']",True,False
1248,LleBp0dUlrB6fDm19E96,"['risol mayo', 'mie']",True,False
1249,LnJ2pBl382YMtqiBUhhi,['risol mayo'],False,False
1250,LqKtIRNubc8cXrMO6obx,['penyetan'],True,False
1251,LqRr2XFJtG7UjKww5znz,['es jeruk'],True,False
1252,LqTtWhYcxFyor68Rnygo,"['mie', 'risol mayo']",True,False
1253,LrvRZUHLW0Qw0Nz0KFWY,['mie'],False,True
1254,LsnlgpMe9KkNlcc4uH3p,"['mie', 'cireng isi', 'kopi']",True,False
1255,Luj3vWE0PDPGr02hcpKq,"['penyetan', 'air putih', 'cireng isi']",True,False
1256,Lv5mwFGVuzDhKLuBeUxh,"['nasi putih', 'telur', 'penyetan']",True,False
1257,LxIxqeGGiHmKtvRsEcN6,['float'],True,False
1258,LxgMMshhOm84nBeqB6na,"['mie', 'kopi']",True,False
1259,LzNBRjEzMj2wS87TS3vP,"['kopi', 'tahu krispy']",True,False
1260,M0V9PSz5nHtnpTM0T4Kh,"['pisang coklat keju', 'kopi']",True,True
1261,M1FSSpNg9ymMU10HgZwB,"['kopi', 'cireng isi', 'risol mayo']",True,False
1262,M2QQYfUW1W6kTu3LhBRg,['float'],False,False
1263,M2nm22kvtydUNJQX8utU,"['penyetan', 'cireng isi', 'teh', 'risol mayo', 'es jeruk']",True,False
1264,M3z2qkBixDL5Xi56Tyln,['gorengan'],True,False
1265,M6dndvTfLYTwxxa35LkX,"['mie', 'teh', 'sosis goreng']",True,False
1266,MAETijKCB7oAH3SbRQHe,['float'],True,False
1267,MAKnL8ls0Uughho2s5RL,['gorengan'],True,False
1268,MAxjJ9NNlkQCWqhQUpFU,"['kopi', 'kopi']",True,False
1269,MCV3IOU78UM2hVml6Gph,"['es jeruk', 'risol mayo']",True,False
1270,MDtpVQRquJZgO8IPkXTl,['gorengan'],False,False
1271,ME6RGqEo2nKyLhqAvhs3,"['cireng isi', 'kopi']",True,False
1272,MEWVC4cS1Bv5x3TTIW32,"['kopi', 'pisang coklat keju', 'risol mayo', 'gorengan']",True,True
1273,MEXO9qoMf1RAjRMMNDy0,['teh'],True,False
1274,MEv0gbT2A5ULzOt898KA,['risol mayo'],True,False
1275,MG6RSUB4nxn65YK3RrKq,"['cireng isi', 'gorengan']",False,False
1276,MGHDckzon0eru9IKhSLf,"['penyetan', 'teh']",True,False
1277,MGNxdQUvbQajN4W6Eavl,"['mie', 'nasi goreng', 'penyetan', 'teh', 'pisang coklat keju', 'tahu krispy']",True,False
1278,MH4jMG0QApl67FNiosbK,['kopi'],True,True
1279,MHb6WFSXUsbTAU02s9nx,"['nasi goreng', 'telur']",True,False
1280,MHzJ5jqkAv8gt0eCPat6,"['float', 'french fries']",True,False
1281,MI6NyG9V9re162ld67uB,"['es jeruk', 'risol mayo', 'cireng isi', 'kopi', 'nasi goreng']",True,False
1282,MI8PrcgqSNngD8iFXXZv,['risol mayo'],False,False
1283,MICFrhEoBv2ZNG8N5XCo,['penyetan'],False,True
1284,MJAT2BteOnPI0QIcFG69,['teh'],True,False
1285,MJQW31HOT5TlPgvNnIwV,"['mie', 'risol mayo']",True,False
1286,MKmPw1wknAA0LJy0GIn2,"['mie', 'nasi goreng', 'telur', 'cireng isi']",False,False
1287,MLI0QzpMlM8zzA7kMlgK,"['cireng isi', 'risol mayo']",True,False
1288,MNdYHrbfaoG8VJVGhwlI,"['gorengan', 'kopi']",True,False
1289,MQBSZLKuRZsOKcOfJ9RC,"['risol mayo', 'es jeruk']",True,False
1290,MRehfhoz4BZaVhdfQJDq,['gorengan'],True,False
1291,MRg90tFktxLE3ElIG8Vr,['teh'],True,False
1292,MRhniMuCpka9DgeiWCr4,"['mie', 'teh', 'penyetan']",False,False
1293,MSKYX9Jfi58F1jjcrT4V,['es krim'],True,True
1294,MSTRwOYdN7o232eecKwx,['gorengan'],True,False
1295,MSzEhtVWki3Dl4kNZyqs,"['mie', 'gorengan', 'kopi']",True,False
1296,MTCO88mnpU87kAeKGAUc,"['teh', 'sayur harian', 'gorengan']",True,False
1297,MUKjsiW4PatfYnE89m9h,"['french fries', 'es krim']",False,False
1298,MUwXBwZ2g0xQovkYi1wY,['risol mayo'],True,False
1299,MW6tD1LKvTUs92lRvDti,"['nasi goreng', 'risol mayo']",True,False
1300,MXuKr0eAknFVZwgdQLNR,['mie'],True,False
1301,Mam06HZrx4cBVbIQThJI,['mie'],False,False
1302,Mbf7SL7WfhRQIxTBGHoK,"['sayur harian', 'teh']",True,True
1303,MbhNaSN5bksSV8u5pd7t,"['penyetan', 'penyetan', 'teh', 'es jeruk']",True,False
1304,Mbm0RSXRbPSofNUw2826,['gorengan'],True,False
1305,McaERXRInruIAiF6SYs8,['kopi'],True,False
1306,Md30Fo1dpRgogKCyJKiz,"['mie', 'teh']",True,False
1307,MdoNrvv9JrJ24IGqRPBu,"['cireng isi', 'gorengan']",True,True
1308,MhN3VFdZn971aVNpxiCK,"['penyetan', 'tahu krispy']",True,False
1309,MiJ3FyIM1DRnwI4mUCUa,['kopi'],True,False
1310,Mkhel57dpBbC9DrQLVpF,"['mie', 'teh']",True,False
1311,Ml9u0HH1U7wU1YZkIl7D,"['mie', 'sosis goreng']",False,False
1312,MmaLn2mKbeW9DRvDo9yY,['risol mayo'],True,False
1313,MnUbEDkGonum0VRpB5O1,"['mie', 'nasi putih', 'teh', 'tahu krispy']",False,False
1314,MpanQjyii2zLtG4tQh8h,"['teh', 'teh', 'gorengan']",False,False
1315,MqZ87JkPihyCHdm6DBKo,['teh'],True,True
1316,Ms1jIE1yvM60Lk68hGsO,"['nasi goreng', 'teh', 'cireng isi']",True,True
1317,MswM0X1sYBAo48zmwLwT,['penyetan'],True,False
1318,Mu9pv6HGTsStQU3CTwuW,['es krim'],True,False
1319,Mxflmt3O7VOuZD6E7JMb,['risol mayo'],False,False
1320,MxuLCVf9ZAmmWuFJw9FG,"['pisang coklat keju', 'gorengan']",True,False
1321,MyEVI6c9bv7f80gOBEkm,['es krim'],False,False
1322,MyqmmtvJIRwRVwKz1YFb,"['penyetan', 'penyetan', 'teh', 'es jeruk']",True,False
1323,Myzuh4HqSU9UAJORA3vF,['risol mayo'],True,False
1324,MzCqN7r3v9Vn7nzVtS9Z,['kopi'],True,False
1325,N04N533vO57SYDCLmcYR,['sayur harian'],True,False
1326,N0JNsz3ZMWkVSiAdmFQ2,['kopi'],True,False
1327,N0Juh4veT2dPSn1Mj3bR,"['kopi', 'penyetan']",False,False
1328,N14Jxd2HBj9inCl5ZWWV,['gorengan'],True,False
1329,N32lYzF68ARYGXgH9jWS,"['kopi', 'kopi', 'gorengan']",True,True
1330,N3Vl2hygb2YK9yo4TfM7,"['float', 'french fries']",True,False
1331,N3X3lIFOB4qvEODcQ7ac,"['penyetan', 'kopi']",True,False
1332,N5PSuZf7nb9aaMi0IMcm,"['sayur harian', 'teh', 'cireng isi']",True,False
1333,N6CxxVKcMMwXadmxRLwC,"['nasi putih', 'gorengan']",False,False
1334,N854jYyomEX6wOXgFSa7,['kopi'],True,False
1335,N9kDR5MtmOhGkZLYqP9S,['risol mayo'],True,False
1336,NAyvZG2VjeIe600cQtaw,"['teh', 'gorengan']",True,False
1337,NCf5sj9Sqn6mUDitBxuO,"['teh', 'cireng isi']",True,False
1338,NCpmT1tp8DZedo68rOk1,"['mie', 'french fries', 'teh']",False,False
1339,NCzBUAoKpmMis8eZM0mW,"['mie', 'risol mayo', 'teh']",False,True
1340,NDIuY9Lri7kqyEZqnZfj,"['teh', 'sayur harian']",True,False
1341,NDiVyOrAylzuJpb2eNy6,"['kopi', 'air putih']",False,False
1342,NDnEJ6xWOnviLr6emV1l,"['gorengan', 'risol mayo']",True,True
1343,NGtV3LYsnDucKdVsIZh9,['nasi goreng'],True,True
1344,NHIkf4btruVw0uuBBzCf,['kopi'],True,False
1345,NI9n4HLHzY0RlULHAh0N,['cireng isi'],True,False
1346,NIF7LINuQvio6drfS0Jl,['penyetan'],False,False
1347,NJ2qMfqDw6asJYKNxYT9,['risol mayo'],True,False
1348,NKQXiBGmxvcqJbJoZD3a,['cireng isi'],True,False
1349,NLUIaUL9p7nt0GBHJoSM,"['cireng isi', 'gorengan']",True,False
1350,NM77yCbYqBTJKsKyq1J1,['penyetan'],False,False
1351,NMJWMyXxmkVjKF7fzANZ,"['nasi goreng', 'es jeruk', 'gorengan']",False,False
1352,NMKBqFmXwscdrHXOQ2qk,['gorengan'],False,False
1353,NOZ8nYx99LUJnGqlW8lA,"['teh', 'sayur harian']",True,False
1354,NPP912Na09qJoCRqVdVf,"['pisang coklat keju', 'teh']",False,False
1355,NPUpPB7asRmHtGxRFOad,"['mie', 'telur']",True,True
1356,NPvbWPVGc3MpTaf2E329,['mie'],True,False
1357,NPxPrcWvzJo8u98moxsv,"['risol mayo', 'teh']",True,False
1358,NQUfMtW1VO6IGeNn11W9,['risol mayo'],True,False
1359,NQm1DBil6tXYEAJtBOmD,['kopi'],True,False
1360,NRecNNtuLTeC3XKEkltX,"['sayur harian', 'mie', 'kopi']",False,False
1361,NWY4gMY4ozqRyfOgxCnG,"['tahu krispy', 'french fries', 'air putih', 'es jeruk']",False,False
1362,NWo6ALS0YDkB9TXHfw4Q,"['pisang coklat keju', 'gorengan']",False,False
1363,NZ9Al0w9qKhAAA7pZDMV,['penyetan'],True,False
1364,NZbPmrg9xKwImu2wU6QT,['gorengan'],True,False
1365,NZw0jJiXVlJf1lRolYgQ,"['risol mayo', 'teh']",True,False
1366,NbyOWpF2SId72vwe0H0M,"['teh', 'risol mayo', 'french fries', 'nasi putih', 'telur']",False,False
1367,NcbxjhmUj6PD01JT4Euw,"['mie', 'mie', 'french fries', 'teh']",False,False
1368,NdFuUuGrxC9BMVYqqs2s,"['nasi goreng', 'gorengan', 'air putih']",False,False
1369,Ne71Xj3Gztwmw0Wghwx2,['risol mayo'],True,False
1370,NeTPCyKlzyDMrbMbhgHx,"['nasi goreng', 'telur', 'es jeruk']",False,False
1371,NfjkwZvMRWM9d6nMX4vG,['es krim'],True,False
1372,NgSlQ2e8vtV16O4sEx07,"['risol mayo', 'cireng isi']",True,False
1373,NiU7dqQaHyB5SbQwB3rE,"['french fries', 'es batu']",True,False
1374,NkCkk7dO2Z73VCsI0J7L,['mie'],True,True
1375,NlRKvVoj1MxxNVqj7NWi,"['cireng isi', 'float']",True,False
1376,Nlrr4DZxtF8B1ySEML1K,['es jeruk'],True,False
1377,NncxNB2JAQxTFzd9GHl8,"['mie', 'risol mayo', 'gorengan', 'teh']",True,False
1378,NoQUTHwskqQ8rJXfBUmS,['penyetan'],True,False
1379,NoTm9yrlg8yomAadj9cO,"['sayur harian', 'sayur harian', 'es jeruk']",False,False
1380,NocZtGcFNc596tnqE6rf,"['teh', 'mie']",True,False
1381,NoxIeE7QzncHKTdvYI0w,"['penyetan', 'teh']",False,False
1382,NqHi9K1SbcQ4lopcgYbC,['teh'],True,False
1383,Nqg3PaRb1aXTM1sqjoyN,['pisang coklat keju'],True,False
1384,Nqj0yqPdjo7BCZkHSRdv,"['teh', 'es jeruk']",True,False
1385,NqwYcqpSdbaJvlwSHiDl,"['penyetan', 'gorengan']",True,False
1386,NqwtXN7KZMzGI1tSOVco,"['cireng isi', 'risol mayo', 'gorengan']",True,False
1387,NuMbr5y2D2918ePLEQhA,"['french fries', 'float']",True,False
1388,NuUq3qY67s9noEeeuPML,['es krim'],True,False
1389,NxMXqjKk3io8uuO82Itv,"['penyetan', 'gorengan']",True,False
1390,O1nk4eb4I77DFZGmscel,['risol mayo'],False,False
1391,O2RE3t02URNDJtYHueqE,"['teh', 'kopi', 'kopi', 'es jeruk']",True,False
1392,O4ofYSYwY6Lv5rqGhX86,['penyetan'],True,False
1393,O6X94yqZys8rZoRnVyFt,['kopi'],True,False
1394,O6guWeLOlBa6yLVhyGqG,"['es jeruk', 'risol mayo']",False,True
1395,O7s4vdA0Mhk6vwhBs2eI,['kopi'],False,False
1396,OArC3bMUtxZym5y5YVQy,"['penyetan', 'mie']",True,False
1397,OB3iqvBacebLoxMmefHd,"['cireng isi', 'pisang coklat keju']",False,False
1398,OBLu4E9pTUsSHo0AwiKm,"['mie', 'air putih']",True,False
1399,OCSO5qHy4TxDGsQCVINV,"['kopi', 'kopi']",True,False
1400,ODCcrtNpyyaGUqpxHgMr,['pisang coklat keju'],True,False
1401,ODmd0DWrmLCuHalq8PVU,"['float', 'air putih', 'tahu krispy', 'sayur harian', 'gorengan']",False,False
1402,OEUZ1BkDpTFM7i1r5CGP,['gorengan'],True,False
1403,OEUvqN0VSn1LyWBvK0fr,['risol mayo'],True,False
1404,OFRJJFPfw2vhX8P08IVF,"['nasi goreng', 'telur']",True,False
1405,OGDalQw6w2uas49iZk2t,['air putih'],True,False
1406,OHYA5rXrCGAGtFK8Mz88,"['mie', 'tahu krispy']",True,False
1407,OIPgRunHpsoVOKBk7b30,"['mie', 'kopi', 'es jeruk', 'tahu krispy']",True,False
1408,OIjnxHs9DmrcmwKjD1XR,['kopi'],True,True
1409,OJ8KWe8S3lz8pgts5Bwk,"['sosis goreng', 'tahu krispy', 'french fries']",True,False
1410,OLVWFC6r1GxzPetrC8Nl,"['mie', 'teh', 'cireng isi']",True,True
1411,OMcQOisRUN1dEJZT4JXf,['gorengan'],True,False
1412,ON7LsaRAbmcFxF7sDigV,['mie'],True,False
1413,OR33aTmNWuj9Ckl0Hvuq,"['penyetan', 'gorengan']",False,False
1414,OR9Q1DhZeT7OODPGHznw,"['penyetan', 'teh', 'gorengan']",True,False
1415,ORQJ6e3xWspfnRQFocgX,['sayur harian'],True,False
1416,OUeT9g2q4aTaMHaTOxHp,['gorengan'],True,False
1417,OUuZK6ivZDlXqBd0iwBV,"['penyetan', 'sosis goreng', 'es jeruk']",True,False
1418,OX2eTb9nPip22waYXKeR,['es jeruk'],False,False
1419,OYI0MzRksKrMde5RiOO0,"['sayur harian', 'risol mayo']",True,False
1420,OYSqzSI1COjnMlzP7DV4,['pisang coklat keju'],True,True
1421,OZVuIOiBDqDDSSgXDZrT,['mie'],True,False
1422,Oa2Nq6Ge3cKoV2bvDfOH,['pisang coklat keju'],True,False
1423,OaZvWFkrlPEVX4GKXrcV,"['cireng isi', 'gorengan']",False,False
1424,OadYl1uCNYmNHljvdSag,"['sayur harian', 'pisang coklat keju']",True,False
1425,OazWghw493I3L6ZiQc2R,"['gorengan', 'risol mayo']",False,False
1426,ObHzQbXJL2Hex6MShmrE,"['risol mayo', 'gorengan']",True,False
1427,OdyIgWjqKlM1CcnZzgp8,['penyetan'],True,True
1428,OgCeK3hilqI4w7pR5iRT,['teh'],False,True
1429,OgOxDHggOqJETvOr8nxI,"['gorengan', 'mie']",True,False
1430,OgiawunOH4XmpxMkb75p,"['penyetan', 'cireng isi']",False,False
1431,OglhlBsr0i3zFEPWT729,"['nasi goreng', 'cireng isi']",True,False
1432,OhKZFzf08ZnMRRGqpcMo,['float'],True,False
1433,OhLXbR0mGSn4WE1PEQEf,"['penyetan', 'gorengan']",False,False
1434,OhddaJP94nP4Hpy96YKB,['risol mayo'],True,False
1435,OhfpocA6iSex9Ai6I4I5,['kopi'],True,False
1436,Oi9pREBbgaTlGOCgqQ1P,"['kopi', 'kopi', 'mie']",True,False
1437,OjeI3o4tzwABJZXaeexv,"['teh', 'kopi']",True,False
1438,OkjSVPk6Gfsl4Agjqqax,['penyetan'],True,False
1439,Okuoa7sKKuqsC2HRalz8,"['air putih', 'sosis goreng']",True,False
1440,OkvjPrVp97zOLZT87OzF,"['sayur harian', 'teh', 'gorengan']",True,True
1441,Oo3S5SDeHobiFGNh2BUq,"['kopi', 'kopi']",True,False
1442,Oo8hTc3QVfF493274bt6,"['gorengan', 'gorengan', 'penyetan', 'teh']",False,False
1443,OoVazZ2jgQ1HnGmCJmQS,"['mie', 'tahu krispy', 'teh']",True,True
1444,OpyooPu19Yti42wE6Yaa,"['teh', 'gorengan', 'mie', 'cireng isi']",True,True
1445,Oue1ImU4QvfdmGZn40r2,['cireng isi'],True,False
1446,OulQ4CtpXOpKpgb7iT0G,"['penyetan', 'es jeruk', 'gorengan']",True,False
1447,OvEuKaskn9A3nQU7k7WX,"['french fries', 'kopi', 'air putih']",True,False
1448,OwCmhd08vpRYptXJCB6C,"['penyetan', 'teh']",False,False
1449,OwjnvAxW3VTw16zpFQsN,"['penyetan', 'air putih']",True,False
1450,Owr1F6Rfq33jDf6WvG9q,"['mie', 'teh']",False,False
1451,OwznWbQtWoguVQ8t8hb0,"['penyetan', 'cireng isi']",True,False
1452,OxNwjI3VTbOa75Nnf0Hf,"['risol mayo', 'cireng isi', 'sosis goreng']",True,False
1453,OxoSWsiXHklRiBajiSAi,['kopi'],True,False
1454,Oz4RayRnGXRd6hsEpPdV,['pisang coklat keju'],False,False
1455,P02DEnoIIqPl68GNNg23,['kopi'],False,False
1456,P3JTlM7s3zDvcWqs29Tg,['teh'],True,False
1457,P3TtaVGLzYlzPUXqUEsp,"['mie', 'teh']",True,False
1458,P5SVeyFsbzPzXeyVFfUg,['gorengan'],True,False
1459,P6hRBDexOKTbWBn7CkyD,['mie'],True,False
1460,P78XdsOsFYhXpkTnoPyG,"['penyetan', 'teh']",True,False
1461,P7AT7SRqSGGyYEqsBsJN,"['gorengan', 'kopi']",True,False
1462,P7HNPZOhLL3IfGNW2wJ7,"['float', 'teh', 'gorengan']",True,False
1463,P7IbpFi26VeqRE9m69oh,"['nasi goreng', 'telur', 'risol mayo']",True,False
1464,P7ubx3ZyKAK5yCRfgvWr,['gorengan'],True,False
1465,P9h9a3CbQ0KvyJhSzYwr,['penyetan'],False,False
1466,PBEc9Vb0JBzbhD4Sbmqi,"['pisang coklat keju', 'risol mayo', 'gorengan']",True,False
1467,PBZa4xwtJALifrleh3pu,"['penyetan', 'nasi goreng', 'gorengan', 'kopi', 'sosis goreng']",False,False
1468,PCEUakJ6Oley8fYF0QHW,"['penyetan', 'penyetan', 'teh', 'air putih', 'sosis goreng']",True,False
1469,PCFtVH2vdnAz3WSGsGQj,"['risol mayo', 'pisang coklat keju']",True,False
1470,PEsD8VyVKUwN75Xv5i3m,"['pisang coklat keju', 'sosis goreng', 'es krim']",True,False
1471,PGWmok9EkfvkmE83RhyL,"['penyetan', 'gorengan']",True,False
1472,PGn7OULBCADcB2tKp8Bs,"['nasi goreng', 'air putih', 'sayur harian', 'risol mayo', 'gorengan']",False,False
1473,PHByt0HSl5iY41Z9UFgc,['float'],True,True
1474,PKlGsmQCFvM1p4rpFgBv,['teh'],True,False
1475,PLpjEKd3WnZKHIquG6Vk,['kopi'],True,False
1476,PP998H4UlS4VvmEZ0KP1,"['float', 'es jeruk', 'gorengan']",False,False
1477,PRMt4MTHqiPAzLHZXSJh,['risol mayo'],True,False
1478,PT6asfGgjTU1Rh1ATjXO,"['nasi goreng', 'telur']",False,False
1479,PUIBfhNcii0ygkLoOtOJ,"['mie', 'mie', 'teh']",True,True
1480,PUbinpFe1b7hJLLciNIn,['gorengan'],True,False
1481,PUpdzqC1zDzcsfrgNr4L,['risol mayo'],True,False
1482,PVPhw0GFs2pbYCUL3w0l,['risol mayo'],False,True
1483,PVxgd7xNvormnn1kd7JQ,"['mie', 'teh']",True,False
1484,PXxX2FhcErzPzYeMuH2N,['kopi'],True,False
1485,PZqyq1ME1GHWtx8CywQF,['kopi'],True,False
1486,PaJNHIxTMPAXS3lAmtQ6,['pisang coklat keju'],True,False
1487,PcGxcIMfGcx1UPwoIVAS,"['mie', 'mie', 'teh']",True,False
1488,PegQg53Tog6cNnj3ewyh,['penyetan'],True,False
1489,Pfhq8dooilIyUJEO0OxL,['float'],True,False
1490,PjWIi314s2lEqAvQInNo,"['penyetan', 'teh']",True,False
1491,PjZEt4edRC60oNUWFu2B,['mie'],True,False
1492,PorbyxI3WaFCAQ8e5zeF,['cireng isi'],True,False
1493,PpjrT5Iw02fhM278uhon,['kopi'],False,False
1494,PsMkweuTrGnZ3rIglgTv,"['penyetan', 'teh']",True,False
1495,Psi1N5kb1xIkJ3X2UrNF,"['nasi goreng', 'cireng isi', 'gorengan']",True,False
1496,PtI4DAX5e4fQwkgF6H5c,['sosis goreng'],False,False
1497,PtTy0OYNYRAlmnCvPi4w,"['tahu krispy', 'es jeruk']",False,False
1498,PvAo94DIzXKzQ2ByTtM3,['gorengan'],False,True
1499,PwgQRC16R0NZRZ66bnHv,['sayur harian'],True,False
1500,PxC61AqQpAEAoC10WQkB,['teh'],True,False
1501,PxPx8sESKmVYJhzF650x,['mie'],False,False
1502,PxUbjSmUNTFcW8jwZxVr,"['sayur harian', 'cireng isi', 'risol mayo', 'air putih']",False,False
1503,Pxq16RwYU6pD7smGeKf3,"['cireng isi', 'risol mayo', 'kopi']",True,True
1504,PyKxTEv72DCGhzs5H3ZV,"['cireng isi', 'risol mayo', 'gorengan']",False,False
1505,PyPJnUl8zopyDbx1rfqj,"['mie', 'kopi']",True,True
1506,PyWWovUtDVKcSJJ1VMiR,"['penyetan', 'cireng isi']",False,False
1507,PzYR8ZmEsWVK7NJESl8t,"['penyetan', 'air putih']",True,False
1508,Q3GwxEqn5q3GbP0MY8jT,['cireng isi'],True,False
1509,Q3yfFgUPSZwgGkVii1os,['kopi'],False,False
1510,Q486jX8tsAgSq10QzKG4,"['mie', 'es jeruk']",False,False
1511,Q4R1f8nx1H2KFDMQx5mW,"['risol mayo', 'teh', 'gorengan']",True,False
1512,Q5Uhd8Cstteou12QvAvM,"['mie', 'cireng isi']",True,False
1513,Q5lx7r3007qVXVVuJFVE,['pisang coklat keju'],True,False
1514,Q7qZEsVdT7dhQ67uG1bq,"['penyetan', 'teh', 'risol mayo']",True,False
1515,Q8maRir7zH2RwVGZgM6d,['mie'],False,False
1516,Q8poOrMPWGK0QG9tN9ue,"['risol mayo', 'float']",True,False
1517,Q9VU3gE55ys6NJ6ZIOF9,"['penyetan', 'es jeruk', 'penyetan', 'float']",True,False
1518,Q9YJ6wK67bCeTJrE3xqw,"['tahu krispy', 'float']",True,True
1519,Q9m86GRIgCHlZt2tCjNT,"['mie', 'nasi putih', 'mie', 'nasi goreng', 'gorengan']",False,False
1520,QBYgd9odV1vOBSUt59Ef,"['es jeruk', 'penyetan', 'gorengan']",True,False
1521,QCNfvn2vVlxyYVKBt3pu,['gorengan'],True,False
1522,QD4pvNQUfI5hqjnyaCXp,"['sayur harian', 'teh']",False,False
1523,QEbkZ2E6q9JO4fOJiTrq,"['penyetan', 'mie', 'mie']",True,False
1524,QFRokG25FgM5QDS5prfK,"['penyetan', 'kopi']",True,False
1525,QG0DqEnigUObrh6ZDoO3,"['penyetan', 'es jeruk']",True,False
1526,QGmFD0KP8xzl0UnlEoFF,['risol mayo'],True,False
1527,QGv1O0p8chlnpuOycryL,['gorengan'],True,False
1528,QIvIXPbTeuF7K35UYCa9,['risol mayo'],False,False
1529,QJfUp9mih8XoLddhZpW4,"['mie', 'teh']",False,False
1530,QJgdVRotHzM5y4e8YdZ4,['air putih'],True,True
1531,QLGm6K8O0dNp0yTX5vSx,"['sayur harian', 'teh']",True,False
1532,QQXnrlvN0KoREYHItejP,['teh'],False,False
1533,QQdjheajHP2JSfTlUUiN,['pisang coklat keju'],True,False
1534,QTukxT60f41W5JC9h8VS,"['cireng isi', 'float', 'float']",False,False
1535,QUREITIVFf41GtTNgq1v,['risol mayo'],True,False
1536,QVL3IRTYaT6bKXt097ma,"['penyetan', 'penyetan']",False,False
1537,QWhpMWsd4hj4fyMIAwlI,"['teh', 'kopi']",False,False
1538,QXZhrsBDb4rZRTrRtaZx,"['penyetan', 'teh']",True,False
1539,QYNrwru39PiikplfEtZY,['teh'],True,False
1540,QYaZOBgsfoxqPQQ1U0qG,['es jeruk'],True,False
1541,QZZRofB7AK1vZvV93Yau,"['teh', 'sayur harian', 'gorengan']",False,False
1542,QaIGS1g60vg36EMmHCaZ,['risol mayo'],True,False
1543,QaODU747c3HZfE7fL1uV,"['penyetan', 'kopi', 'nasi goreng', 'kopi', 'penyetan']",True,False
1544,QaQ2kHsIzreoY4VjNR3X,"['kopi', 'kopi', 'gorengan']",True,False
1545,QbettIba4Gcj2uiHLhNH,['kopi'],True,False
1546,Qc62rWuTUAGDtGJkTdNs,"['risol mayo', 'sosis goreng', 'float', 'es krim']",True,False
1547,QcXNxwQHepcj0ANKED9J,['risol mayo'],True,False
1548,QcYcShrsMzmxlNsaJFjL,['cireng isi'],True,True
1549,Qdos8zigYshpE6c7U9Sf,['mie'],False,True
1550,QdseOrRDxJlnrB0lDACK,['mie'],False,True
1551,QgWDHR0I2ge8v9rHneXz,"['penyetan', 'kopi', 'kopi', 'sayur harian', 'sayur harian', 'teh', 'gorengan']",True,False
1552,QgiLVa5xSGZ2PwKTQCdn,"['float', 'float', 'gorengan']",True,True
1553,QgodcJJOg7UPWirSQe7P,"['sayur harian', 'cireng isi']",True,False
1554,QieUKQXSX8pvRuMIpKkS,['tahu krispy'],True,False
1555,QjrhKQScifPMCh6V9Rrh,"['risol mayo', 'teh']",True,False
1556,Qk58BzlhX9kkMi6yQmG2,['risol mayo'],False,False
1557,QkCE5Ea9PM3NSSO21qHN,"['mie', 'nasi putih']",True,False
1558,QpVps6qwi13G0pLqca0X,['risol mayo'],False,False
1559,Qrj1Oy06gGU32guFrjfx,"['mie', 'teh']",True,False
1560,QstgnV2IzgOL8lXEpH3v,['kopi'],True,False
1561,QteGYWjnjFUmlloZUkNH,"['penyetan', 'cireng isi', 'risol mayo']",True,False
1562,QubMiodWc5niOlmB52sS,['gorengan'],True,False
1563,Qvr5GAejkPf87Rx9iqqd,['gorengan'],True,False
1564,QwetMuWhPTMFJ47oe2Vh,['risol mayo'],True,False
1565,QxTXL1ZCztYQbi1YGBdO,['teh'],True,False
1566,Qz0lKkJg1WbP0V459r66,"['float', 'sosis goreng']",False,False
1567,R1Wuuy012H2rp6WOXOtw,['mie'],False,False
1568,R1oQsbfFjR8ScVkOMNaE,"['mie', 'kopi', 'sosis goreng']",True,False
1569,R22vdmD9cH20X1p7uj4G,"['sayur harian', 'penyetan', 'teh', 'teh']",True,False
1570,R3VcXLQY9i56dc4mgQCN,"['float', 'es jeruk', 'gorengan']",True,False
1571,R4HcVb0CxoZ0tUpxhzhy,['penyetan'],True,False
1572,R4lJEtxBbk4246HoUt9d,"['teh', 'risol mayo', 'risol mayo']",True,False
1573,R57YWDLRa3NS8A8NbE2r,"['es jeruk', 'risol mayo', 'nasi goreng']",True,False
1574,R7hsNwVnBeAmzox1xS9N,"['penyetan', 'sayur harian', 'gorengan', 'teh']",False,False
1575,R87BNjmxnUJfR5tV42fr,"['mie', 'penyetan', 'air putih', 'teh', 'mie']",True,False
1576,R9HvROxVUFZvmFgk535u,['es krim'],True,True
1577,RAIxH0xilUUONma6LuTq,"['cireng isi', 'tahu krispy', 'es jeruk']",True,False
1578,RBYxqiXgIvNfNV8Gxaiz,['kopi'],True,False
1579,REUqrL0HszWCZugdZBI6,['es krim'],True,False
1580,REg6SpTHvI3Q7BE26Luk,['cireng isi'],False,False
1581,RHOaAZZorxdv9hGaxgtO,['kopi'],True,False
1582,RHR8yTcKY5vjmpeHUVnT,"['risol mayo', 'risol mayo', 'pisang coklat keju']",True,False
1583,RIAIDx7FXbCv4hxvWNxO,"['mie', 'float', 'float', 'air putih']",True,False
1584,RJOv4nFmhhLl8oCmi0Fl,"['es krim', 'gorengan']",True,False
1585,RJUnLYEPCqHj8caSmJ42,['kopi'],True,False
1586,RLxLSzDF1os2KlShUxeu,"['teh', 'risol mayo']",True,False
1587,RMgWvAwhzQWrEQAnhOs3,['es jeruk'],True,False
1588,RN3rFJv5DxmyiEG8wrMO,['kopi'],True,False
1589,RNGEqpmWdimNJnj8q2pS,['teh'],True,False
1590,RPRNASpPjkx5GEb7HHIT,"['gorengan', 'teh']",True,False
1591,RQHCNAdacjT1Z8iFBj4F,['teh'],False,True
1592,RRFfTfPHnF2rxLgB508B,"['nasi goreng', 'risol mayo']",False,False
1593,RSh18vgg4W9WR8VwAHDy,"['gorengan', 'gorengan']",True,False
1594,RT9mUdTR4hW7DMkiW1nG,['kopi'],True,False
1595,RUV9F0CRprTqZPpziSBm,"['sayur harian', 'float', 'kopi', 'teh', 'kopi']",True,False
1596,RUmzljahgDew42Df1kBh,"['cireng isi', 'risol mayo']",True,False
1597,RUpErST1ZI7I8lczhev0,"['teh', 'french fries', 'cireng isi']",True,True
1598,RXiHf2EWJrfbv179Ybkr,"['mie', 'cireng isi']",True,False
1599,RZ2iVW4s7G63cwvwL8ef,['float'],True,False
1600,RZfsYZ0GP4gQx5J67j6L,"['mie', 'nasi putih', 'teh', 'gorengan']",False,True
1601,RaIMXo6MTONXggv3Lmfl,['kopi'],True,False
1602,RapsyDbXkpWKULkLlbje,"['cireng isi', 'kopi']",True,False
1603,Rbq2hbn36WYF8J7heAy7,['gorengan'],False,False
1604,RdUkaq9KJVQqPJUE7qs7,['cireng isi'],True,False
1605,ReB6iPwdp7ACJAFQtL9T,"['penyetan', 'teh']",True,False
1606,ReKa2qXLFZ5MNrhcxLfP,"['mie', 'mie', 'teh', 'risol mayo']",True,False
1607,Rf7DHpM3yCzu84L6LOOW,"['penyetan', 'penyetan', 'teh']",False,False
1608,RgaNq8zZlWIvn1GzR21H,['kopi'],True,False
1609,RhETeAJaVzPaQJgl9rLK,"['es krim', 'cireng isi', 'sosis goreng']",True,True
1610,RhdX7U0k7Z6ce07pVGZC,['kopi'],True,False
1611,Rhv8ytL70E3WJUG99Dj6,"['kopi', 'air putih', 'gorengan']",True,False
1612,Ri7aRN4HiW0ccr6aVHma,['gorengan'],True,True
1613,RjS3Tf6hRflgrGtrurfo,['teh'],False,False
1614,RllMEtSNjeO3R4B2KDtG,['mie'],True,False
1615,RnFOzQNuj8Ee47CA3Ahu,"['sosis goreng', 'float', 'teh']",True,False
1616,Roc8gpznWDKQuAiRiz2y,"['risol mayo', 'cireng isi']",False,False
1617,Rq0X6MJUo6UFQAPeeSYE,['air putih'],True,False
1618,RrB54QI5VvIk9aLn3zwl,"['penyetan', 'kopi', 'sosis goreng']",True,False
1619,RrKGF02AjA6EQuon0cHF,['mie'],True,False
1620,RvMqhYCJxqX4KNPTYlUi,"['gorengan', 'air putih']",True,False
1621,RyYFIpFlle385gfz8BjT,['gorengan'],False,True
1622,RyZd4EjKYdAv5rLO86g8,['risol mayo'],False,False
1623,Rypgb2u2Z6wuJ0OSBh76,"['risol mayo', 'nasi goreng', 'teh', 'pisang coklat keju']",True,False
1624,Rz5oG2lFEjdtqulCqpmT,['mie'],True,False
1625,RzAPtsKIqlAdhFb9ERdv,"['tahu krispy', 'es jeruk']",True,False
1626,RzINMKhTGJ4MYlGMnHej,['kopi'],True,False
1627,RzSt5dHJPGgILArgNvRO,"['kopi', 'kopi', 'gorengan', 'kopi']",True,False
1628,RzcsfMxlQuuieKvqJ3c5,['float'],True,False
1629,RzdJjsrtW7VWzTlCKp5R,"['penyetan', 'teh', 'mie']",False,False
1630,S09XhiMZ2V6SMHTAdDI2,"['french fries', 'penyetan', 'kopi', 'es krim']",True,False
1631,S4Jsre8iUChrKdE9LHGU,['penyetan'],False,False
1632,S5Lp1V2LoCWYv7jIEaDx,"['tahu krispy', 'es jeruk']",True,False
1633,S5SZJeLyLVBvewtt4uVe,['nasi goreng'],True,False
1634,S8E1SWDikxPgj0fZApgB,"['cireng isi', 'risol mayo']",True,False
1635,S9EriDUqwLElyLxn3L4Y,"['kopi', 'kopi', 'tahu krispy']",True,False
1636,SAj5IzFganAozAdHQeWH,['mie'],False,False
1637,SC1kb74aSyqddesEwr9K,"['mie', 'gorengan', 'cireng isi']",True,False
1638,SDOb0tKezkDIlLBSVSVx,['risol mayo'],True,False
1639,SE6rBCqOb6HPAWf5Dp6m,"['french fries', 'nasi goreng', 'gorengan']",True,True
1640,SECxKUUWsoczydQWUgtS,"['penyetan', 'teh']",True,False
1641,SFbBFEmGvq5MbiulIFn3,"['penyetan', 'kopi']",True,False
1642,SG5bAnkTYyc8anYrQVtE,"['penyetan', 'teh']",True,False
1643,SGD0YuJ1uEs5amULkvZH,['sayur harian'],False,False
1644,SHaAJi8NdKKQBxuAJqWo,"['cireng isi', 'sosis goreng', 'french fries', 'gorengan', 'teh']",False,False
1645,SHqZnZlIQVhRJDZPGyFS,['es krim'],True,True
1646,SJXZiqx3MEAyZcUY1R2Q,"['float', 'mie', 'gorengan']",True,False
1647,SKIoNnhmZMQQw5dIxOBO,['pisang coklat keju'],True,False
1648,SL6Ax0FgMOr0Prjvmkxc,['risol mayo'],True,False
1649,SNSvFkMRplKU13AgmEp8,"['penyetan', 'penyetan']",True,False
1650,SOicGL71nV6wn0NoL2Mq,['kopi'],True,False
1651,SQK85NDLLvOlSNQ17IbR,['float'],False,False
1652,SQmWhEgfncr8sLKVHqIY,"['penyetan', 'teh', 'gorengan']",True,False
1653,SRf5aWRfoCK3ROfm0Yaj,['mie'],True,False
1654,SSoD7G9YCLu8DBHNuez1,['kopi'],True,False
1655,SUt0MLG5wd5DPGtZjLAm,"['mie', 'gorengan']",True,False
1656,SV7E5P8Qr9KupTh4M4mf,['sayur harian'],True,False
1657,SVDYwRHz6ZlZKCN9qllH,['sayur harian'],True,False
1658,SVdzsR5qoRxzkQ6Cr2mD,"['penyetan', 'cireng isi', 'air putih']",True,True
1659,SWeaTeRXohFFLf26HCKy,['float'],False,False
1660,SX2DO84H7t2Yb48IqwER,['float'],True,False
1661,SXUXJVVatpRGcJgK6ibk,"['es jeruk', 'kopi']",True,False
1662,SZDHC6sJEFb48Yds4Osm,"['mie', 'mie', 'nasi putih', 'gorengan', 'tahu krispy']",True,False
1663,SdqNBellop3MhwHDqzbt,['mie'],True,False
1664,SeGFrYZkuGRbjqUdtTMw,"['nasi putih', 'mie', 'gorengan']",True,False
1665,SgOXDUIlaJBpSQMCiZDX,['gorengan'],True,False
1666,Sgjdt1lGnzKb7Fog5nc0,['gorengan'],True,False
1667,ShPB844yuaH4flcLLeoO,"['cireng isi', 'kopi']",True,False
1668,SivDqi8Qefp66UReci7L,"['penyetan', 'cireng isi', 'es jeruk']",True,False
1669,SkIv9NJPNmbJjdT796oJ,"['kopi', 'pisang coklat keju']",True,False
1670,SkoKJgvvfWook37nRyPj,"['mie', 'teh']",True,False
1671,SmgH0xlkjsv8SBF4Chdg,"['penyetan', 'air putih']",True,False
1672,SnQuwTaVKHtm4k1OWGod,"['risol mayo', 'cireng isi', 'cireng isi']",True,False
1673,So1svMhN0nvl7Q2e5fIH,"['teh', 'cireng isi', 'float']",True,False
1674,SodqLZ6hFXzfE2YNpWuG,"['risol mayo', 'gorengan']",True,False
1675,SodyEPYKOe993dZCZEOC,['risol mayo'],True,False
1676,SpK32v7HrfZy2bn8sUbZ,['penyetan'],True,False
1677,SpWU9fT5hcQX6NBHISi6,['mie'],False,False
1678,SrAJ9bB66miXVv6AKmzg,"['gorengan', 'mie', 'teh']",True,True
1679,SrHjeyMOvnhg5FFy1vlk,"['kopi', 'kopi']",True,False
1680,Srocr1X4IQiLMpr14aFC,['mie'],True,False
1681,Ssus7ZaRnE9vmUEBCt0p,['cireng isi'],True,False
1682,StdehzKCn3ExQ12LTFws,"['cireng isi', 'french fries']",True,False
1683,Sv538FbHDJhY2cE6QkQP,['kopi'],False,False
1684,Sw3viFlmSxWWvvmAMLnf,"['penyetan', 'air putih', 'gorengan']",True,False
1685,Sydq1XT2Q2At4sCiR4iv,['penyetan'],True,False
1686,SzuRFW9x1XWym3IDpFV6,['risol mayo'],False,True
1687,T0zRoxtd5gpEFjwAxIbX,"['penyetan', 'gorengan']",False,False
1688,T1BsKMYCy11tbsqsvLja,['kopi'],False,True
1689,T1E3lyLfXL5kxnNprhdv,['penyetan'],True,False
1690,T2XtGdClUlJoCszYM6v8,"['mie', 'es jeruk', 'kopi']",False,False
1691,T4CnIhy9Vg1dRfbnHS6B,"['sayur harian', 'gorengan']",True,False
1692,T4PfN0g8NB5i0c3X4IBr,"['penyetan', 'sayur harian', 'teh', 'teh', 'es krim']",True,False
1693,T89ylxdC4uGOHwGQaJ8d,"['mie', 'teh']",True,True
1694,T8OUmJOnkARzvWSnpnV9,"['es jeruk', 'cireng isi']",False,False
1695,TA1K1uTKRoBD7PQIvc0u,"['penyetan', 'mie', 'teh', 'nasi putih', 'cireng isi']",True,False
1696,TBKVcDnGFM5gBqh1BzpD,"['cireng isi', 'risol mayo', 'teh']",True,False
1697,TCcUhVx5te09fiZZ8Wal,['mie'],True,False
1698,TE0U6mktSe6GypwF8z8t,"['penyetan', 'teh']",True,False
1699,TFS4CH5AlIj8buHSUjKR,['air putih'],True,False
1700,TGO5i739XSZT5apG3mSs,['cireng isi'],True,False
1701,TGUVFwQdleUiITmjWPwc,['mie'],True,False
1702,TGacqTSgs5UieRQk8Tcs,"['risol mayo', 'teh']",False,False
1703,TGbYsdD2MZ9Q0jUrX3iD,"['penyetan', 'teh']",True,False
1704,THC7yhtoPmfKcbCawklI,['es krim'],True,False
1705,THwA48a9mcYIh9QiFELR,"['es jeruk', 'teh']",False,False
1706,TKC8NvoYAnaWSZSsJ6mj,"['mie', 'gorengan']",True,False
1707,TKW6EuvcdQ4LGlGX4bQc,"['penyetan', 'teh']",True,False
1708,TKqu8qibISRThsWaFmVX,"['nasi goreng', 'teh', 'teh', 'telur']",False,True
1709,TLHqB9KpZFrRtTIzwGor,"['sayur harian', 'es jeruk', 'penyetan', 'teh', 'gorengan']",False,False
1710,TLaTtwQwU3Ipk7prYVCd,['gorengan'],True,False
1711,TLspIgg4LCyYIlX60YdX,"['risol mayo', 'sosis goreng', 'gorengan']",True,False
1712,TMYCFytpIxfFzEi7CqXN,['risol mayo'],True,False
1713,TN4QTaFGNFBKXB5PXq9y,"['penyetan', 'teh', 'cireng isi', 'gorengan']",True,True
1714,TNGjfGUbRAV3RQXN4vfN,"['gorengan', 'cireng isi', 'teh']",False,True
1715,TOwwOqLnXZCIUymFVEYQ,"['teh', 'french fries', 'cireng isi']",True,False
1716,TQ4YSCHGsaGQkQoCyaiC,['air putih'],False,False
1717,TR64uVBAcHmbtWQIXVNs,['risol mayo'],True,False
1718,TR7NJduQy102C7jQtMUq,"['telur', 'penyetan']",False,False
1719,TRl10F5cptULv4RQW7vy,['kopi'],True,False
1720,TSzTl63hblbliDTLCdah,['gorengan'],True,False
1721,TWdeYHnHYlPaTMqX3MZw,['air putih'],True,True
1722,TX85sZfb3G4eiH65i8nQ,['kopi'],True,False
1723,TXDxmqywI1YeRC7ZWhns,['mie'],True,False
1724,TboQ1OE95RiMngDSjv05,"['float', 'risol mayo']",True,False
1725,TcuWoY4qZzi0sGRLtjwN,"['mie', 'gorengan', 'tahu krispy']",True,False
1726,Td2UQHmpVFxWUMtXWwME,"['mie', 'penyetan', 'gorengan', 'es krim', 'teh', 'es jeruk', 'es jeruk', 'penyetan']",False,False
1727,TdFcg6IbCONktiBHzaM5,"['es jeruk', 'kopi']",False,False
1728,TeltBVaKxVrbePxgXr6Z,"['penyetan', 'penyetan', 'teh', 'cireng isi']",True,False
1729,TerpUSVoI29zQbp7QB9H,"['risol mayo', 'gorengan']",True,False
1730,TgBFPXsLQ0K4nc4Wfevp,"['tahu krispy', 'air putih']",True,False
1731,TgWDoY55LVet3Lb0b5W0,['teh'],True,False
1732,TgdETeE0t8j8z1sySOQr,['nasi putih'],False,False
1733,TglVSBvocOtlQcTW9SMC,['risol mayo'],True,False
1734,TgnScFqa5Dmuto9r2H6E,"['risol mayo', 'teh']",True,False
1735,ThYlRtEF6itcwjYwNqln,['mie'],True,False
1736,Thsp3Am7t3yzH2pannPX,['mie'],False,False
1737,ThzTrUdOTjxneU8rqSle,['float'],True,False
1738,TkbYmtUfGpYVwovfMPgy,['pisang coklat keju'],True,False
1739,Tl0yDCN6k5rPU0qkCvXk,"['cireng isi', 'gorengan', 'air putih']",True,False
1740,TmXYIPyhiBrtNyYVqDeY,"['sayur harian', 'gorengan']",True,False
1741,TnZQ7eaxYotIsmHVnZfE,"['kopi', 'gorengan']",True,False
1742,TnbvxM4xTDlWUKaOQUWW,['gorengan'],True,False
1743,ToLFOAnYPzatEG4Ypx0n,"['mie', 'risol mayo']",False,False
1744,Tp7eM2yfC7HR3sNU72u8,['gorengan'],True,True
1745,TqgriD4TAgC5cV1pQnKi,['penyetan'],True,False
1746,TqtnuamJBoZdcz80GaLr,['risol mayo'],True,False
1747,TrfxFgsuTZvvhavXOprg,['es jeruk'],True,False
1748,TyzVJIrWiukZkCetVzf4,"['kopi', 'air putih']",True,False
1749,U0wrP7VvXJ89DjEb1d60,['es jeruk'],True,False
1750,U15kFw4zWXPFDFXadp9Y,"['mie', 'gorengan']",True,True
1751,U1IXl8F5WYo1gtNDRayU,"['penyetan', 'teh', 'risol mayo', 'gorengan']",False,False
1752,U2Cobr2gBztc1ZTDVIDN,['mie'],True,False
1753,U7hvVvP8c6adicv5gLio,"['penyetan', 'teh']",True,False
1754,U83paxSVFXZlUSFTrFE8,"['teh', 'nasi goreng']",False,False
1755,U89Fw5o2UCxjL4qoNYMr,['teh'],True,False
1756,U8LGwT0PdRjDP5xvstjG,['float'],True,False
1757,U9gNKAsZR8BEFxARi4b5,['kopi'],False,False
1758,U9nbmr4Uo1RXKcPW46ff,"['risol mayo', 'gorengan']",False,False
1759,U9yVM4Z95FvujEV2c0JC,['teh'],True,False
1760,UBfau4MWuhkZbDbztfFZ,"['kopi', 'gorengan']",True,True
1761,UEXjNKwxa7UUzJfLmHZE,"['cireng isi', 'risol mayo']",False,False
1762,UFPiy4QUR6YXxLqq21F5,"['teh', 'penyetan']",False,False
1763,UI0vom7DdTkvchedCBjT,['kopi'],False,False
1764,UJUnA0RIGIcb8NUIABkU,"['nasi goreng', 'cireng isi', 'teh', 'air putih', 'pisang coklat keju']",True,False
1765,UJpNRgFOqbWSZhwItu0S,"['gorengan', 'risol mayo']",True,False
1766,UKZ0bULlZTUBPSXOpm9t,['gorengan'],True,False
1767,UKqBXHTuJFiV8nEfuwcr,"['french fries', 'penyetan', 'teh']",False,False
1768,ULZOSGpKdp1ooKHC0mI5,"['risol mayo', 'cireng isi', 'pisang coklat keju']",True,False
1769,UMmeIWpSdveSt0XH9HGe,"['float', 'float']",True,False
1770,UMtBxEqr1jDT9PUiZpFI,"['mie', 'nasi putih', 'gorengan', 'float']",True,False
1771,UNCDgTRYRiZKnH8osddD,"['cireng isi', 'teh']",False,False
1772,UOBhYkTwdv3wr450pxK0,['gorengan'],False,False
1773,UOaWHyNUzcxXOk4LsP5E,"['sayur harian', 'teh', 'mie', 'air putih']",True,False
1774,UOyxsDfcwmvkqpMKDjwa,"['penyetan', 'teh', 'gorengan', 'gorengan']",False,False
1775,UQs4ZqzS0ZuJsprD9y7V,"['penyetan', 'float']",False,False
1776,UVA1y9hU2GoJKOf8HHoP,['cireng isi'],True,True
1777,UWYa0sNtAj41SWAq8Yhy,"['penyetan', 'teh']",True,False
1778,UXC9kj6udxUwa3PkrEk8,"['risol mayo', 'cireng isi', 'gorengan', 'sosis goreng']",True,False
1779,UZobWM9GSCcsDIPuS03r,"['cireng isi', 'sosis goreng']",False,False
1780,UaXnGY43Szgk8HK3STzs,"['nasi putih', 'mie', 'tahu krispy', 'pisang coklat keju', 'risol mayo', 'cireng isi', 'penyetan', 'teh']",True,False
1781,UaY7xH87cRz3f16q6oEq,['kopi'],False,False
1782,UcERjeeb8WX7SM7uLhiv,['risol mayo'],True,False
1783,UeVaa9C2hdvhk43S532w,['float'],True,False
1784,UeZK9XtL07YtOGBMdEQA,['float'],False,False
1785,UexgRBcCIcFsIESfVBgK,"['gorengan', 'risol mayo']",True,False
1786,UiCUArlNHtiPfDOZtnjT,"['risol mayo', 'cireng isi', 'pisang coklat keju']",False,False
1787,Uif61DGbiPEHVW3di9Gn,"['nasi goreng', 'telur']",True,False
1788,UjzC0r79G0319woOQfCZ,"['gorengan', 'mie', 'es jeruk']",True,True
1789,Umuq3QeNBYwVstfE5H53,"['penyetan', 'teh', 'gorengan', 'gorengan']",True,False
1790,UncGUMCI7yxq5ozZ32Tj,['kopi'],True,False
1791,Uo67MILeAoVPwpUH4MBy,['mie'],True,True
1792,UoX6i1BsWR9fagWljspc,['air putih'],True,False
1793,UoxE4neiE10WSEFh2Zg5,"['risol mayo', 'kopi']",False,False
1794,UpOylcrb7XwkWglvbVuj,['french fries'],True,False
1795,UpmmjUYl4FyuaW83dmhh,['teh'],True,False
1796,UsXg96yHGUbpkL8mvF8E,"['teh', 'pisang coklat keju']",False,False
1797,UsrSqahOTybxwlA0tfUd,['float'],False,False
1798,Ut6sN5ttwDzIHEfOLLX1,"['mie', 'kopi']",True,False
1799,UtpLgQN3fT7CotveDrni,['risol mayo'],True,False
1800,UuxWo0L8LoJ7AUBkTkWg,"['nasi goreng', 'teh']",False,False
1801,UwLKddyv7ig4vPu4LxAM,['mie'],True,True
1802,UyKoMxhjnlDXZVLA3BCX,"['cireng isi', 'gorengan']",True,False
1803,V0WZR8RBclv9qSXBtPW0,"['risol mayo', 'teh']",True,True
1804,V0uGLo9vwRQR7GMsE30u,['pisang coklat keju'],True,False
1805,V2OUQtjeTY8B3xBvesM3,"['kopi', 'penyetan', 'mie', 'kopi', 'cireng isi']",True,False
1806,V3C5q6jYu0lAWOiJITTC,['air putih'],False,False
1807,V3lZxbFlRmFJ7Xnhqzdb,['float'],False,False
1808,V5Ygv9doMHRjwS0zJUee,['mie'],True,False
1809,V9GA844389ljo1mgWoqv,"['sayur harian', 'teh']",False,False
1810,VAESUdchoN3FGX3P6Gmb,"['french fries', 'sosis goreng', 'float']",True,False
1811,VBDIkxgn5mbuiBUxXDLE,"['penyetan', 'teh']",True,False
1812,VBS36zpVlWwF7h7yGdYp,"['teh', 'mie']",True,False
1813,VCUj8xeXftolpmuRAUyv,['mie'],False,False
1814,VFjNHE5KdZ4XknDIfnmX,"['kopi', 'teh', 'french fries']",True,False
1815,VGJ79iVTx2XVt3hQXNGl,['teh'],True,False
1816,VGdUtPXHHFk8Q2DYXC1H,['kopi'],True,False
1817,VHfSM1xqTTUR9L54XpkY,"['mie', 'kopi', 'cireng isi', 'gorengan']",False,False
1818,VLoc0FQEzzgNr2w3TaFb,['es batu'],True,True
1819,VOFkhko5PfHFn4Q5fmmT,['nasi goreng'],True,True
1820,VPA0khYVC7aPnKa0xLIG,"['penyetan', 'teh']",True,False
1821,VQJIvvSB9clpJmnTnNdJ,"['mie', 'air putih', 'teh', 'risol mayo', 'cireng isi', 'gorengan']",False,False
1822,VRYam2qXozK7YS8Nm4bI,"['risol mayo', 'gorengan']",True,True
1823,VTMWTIQZQNx3kSQdsHmo,['risol mayo'],True,False
1824,VTclrFyqsYvGovkchIb6,"['kopi', 'es jeruk', 'teh', 'pisang coklat keju']",True,False
1825,VUhGOZ17frXDyvhyV3T1,"['nasi goreng', 'teh', 'tahu krispy']",True,False
1826,VVkW6d9VRU8IUnqTngv3,"['penyetan', 'teh']",False,False
1827,VVpKr2PmKchgqjYQLlGO,['kopi'],False,True
1828,VY9rEgffH1FM4uOMcUKS,"['kopi', 'french fries', 'sosis goreng']",True,False
1829,VZ2iZs8TLV7oZ6HpBxOZ,"['kopi', 'kopi']",True,False
1830,VZL4skvd1ycG4p2isr8j,['cireng isi'],True,False
1831,VZqv9KzQuMWL2gfhNNRQ,"['mie', 'risol mayo', 'teh', 'gorengan']",False,False
1832,Vatfgsr11XsPnTfftAXk,"['kopi', 'kopi']",True,False
1833,VbCGHRLV5RThW7iIeYfw,['risol mayo'],True,False
1834,Vbv0HtDWN9Tv2RvvPTvp,['cireng isi'],True,False
1835,Vcq0aYitPgMhU20jjQLB,['kopi'],True,False
1836,VczrSkf3KJ8bvdtysjEG,['risol mayo'],False,False
1837,VdB5lMnnAC5QM6y6NlKf,['es jeruk'],False,False
1838,VfN8jfWYniI805SfR0ye,"['telur', 'nasi putih', 'teh']",True,False
1839,Vgb76oLeIQzZ7j3eGSNW,"['sayur harian', 'teh']",True,False
1840,ViI0GswopzGVgJMmltrt,['gorengan'],False,False
1841,VidYt2s8hecYRw78CioT,"['penyetan', 'mie', 'kopi']",True,False
1842,VjRSJblVqoM1aizvaNNp,"['french fries', 'teh']",True,False
1843,VlARjGtcimh52F0E9sLu,"['mie', 'nasi putih', 'teh']",False,False
1844,VlgSBh1OHOOpHboEb1ik,['kopi'],True,False
1845,VoY4mIxIz7adSAuZBGu7,['risol mayo'],False,False
1846,VsShzzj1r7k9xNSi6cAL,['kopi'],True,False
1847,VsUExp5ztOvuHIjhKgah,['pisang coklat keju'],True,False
1848,VvP7ZlRVEqTMiFmwB95U,['gorengan'],True,False
1849,VvycLa6QpvWGSl3qdodx,"['mie', 'teh']",True,False
1850,VxJkiXkUyM0jLO3NRP69,['risol mayo'],False,False
1851,VxyGl7TlJm3cXxuMW7Sd,"['mie', 'mie']",True,False
1852,VyTEhvNSikAx12Ypzba3,['tahu krispy'],True,False
1853,VzVMYIprdHhtN5vZYm5Q,['gorengan'],True,False
1854,W1mXkCCYNk5WWQNDW46N,['sayur harian'],True,False
1855,W2IwVwjVZutu5L4bXZnQ,"['mie', 'kopi', 'float', 'cireng isi']",True,False
1856,W2YfnWZUu9wH1C88Crb7,['mie'],True,False
1857,W5ZHumqmbFuEmll2TBET,"['mie', 'mie', 'gorengan', 'teh']",True,False
1858,W6JMrGyHNAG7VvC2taVl,"['cireng isi', 'gorengan', 'teh']",True,False
1859,W6QKwxDT1slk8HczQDIF,"['sayur harian', 'float', 'risol mayo', 'kopi']",False,False
1860,W7X4YEmo8B2dOtZyvoIW,"['gorengan', 'pisang coklat keju']",True,False
1861,W7XnGSZzpOrCYLmj1iUy,"['kopi', 'cireng isi', 'pisang coklat keju']",True,False
1862,W8LtUMOBTuq1IXBQgizK,"['penyetan', 'penyetan', 'nasi goreng', 'mie', 'mie', 'es jeruk', 'float']",True,True
1863,WAJTbHzHVDEwPzXrt1w5,"['kopi', 'float', 'teh', 'teh', 'tahu krispy', 'french fries', 'cireng isi']",True,False
1864,WBCsizSoUXjDVOOa7D5Z,"['teh', 'penyetan']",True,False
1865,WC3CrrGKfx12EDn5pHiB,"['pisang coklat keju', 'cireng isi', 'risol mayo', 'gorengan']",True,False
1866,WC6fuPGcm3cgdyc0UFmQ,"['mie', 'mie', 'teh', 'cireng isi']",False,False
1867,WDPaTdILRseXu2tyREfv,"['mie', 'es batu']",False,False
1868,WE9f1JutzNsb18EEGNfR,['kopi'],True,False
1869,WF9phNk7Dygvc2MN6n30,"['kopi', 'mie']",True,False
1870,WHXDYJrbE2cFXUNe8JWR,['pisang coklat keju'],True,False
1871,WJu4bGHxtWjXzujwZN5I,['kopi'],True,False
1872,WKyLl1Or9trRMmoghcyi,['risol mayo'],True,False
1873,WLgPEq98ZrC0cvflnfau,['air putih'],True,False
1874,WMFnwDyOhNO5gKnNPv3x,"['teh', 'risol mayo', 'cireng isi']",False,False
1875,WNaB0WdTZSPz8VfFHR1N,"['mie', 'kopi']",True,False
1876,WOTp07b7aUM7P4Drr7wM,"['float', 'es jeruk', 'teh', 'risol mayo', 'gorengan', 'air putih']",True,False
1877,WOggn1NXWdGe0vwxCkgX,"['pisang coklat keju', 'teh']",True,False
1878,WPemYnfFv4Da8sSffcHL,"['mie', 'kopi', 'teh']",True,False
1879,WRcORgqkjAj6e2U46dVI,"['gorengan', 'gorengan']",True,False
1880,WVfEuHwvO1O1DpElxkfd,['air putih'],True,False
1881,WY0jGHCFevqjqkQHQzmC,['kopi'],True,False
1882,WY9vM26468fnVrhkRQEL,"['french fries', 'pisang coklat keju']",True,False
1883,WYGBWGPcK8sKYThO1VoO,"['sayur harian', 'teh']",False,True
1884,WYmRGwXF81qos6yT1Ml6,"['gorengan', 'teh']",True,False
1885,WYtrunwOA5kZ557hjyIN,['float'],True,False
1886,WbMjYnHQ0dKvj1USklsW,['teh'],True,False
1887,WboeYNFXXRZOpLvHY9xd,"['cireng isi', 'risol mayo']",True,False
1888,WggO6DCJepC3AUzIuHHx,['es batu'],True,False
1889,WlFMSFHuYTeZqE8oDxTA,"['pisang coklat keju', 'float']",True,False
1890,Wm6UdMt2HfMXOnYltzRl,"['penyetan', 'gorengan']",False,False
1891,WmB1SR7CLXKD1FKtxoJt,['es batu'],True,False
1892,WnVlIrcsWy9211LBUyEl,"['kopi', 'cireng isi']",True,False
1893,Wp6xDcHPQTEyM9IXn5ma,['pisang coklat keju'],True,False
1894,WpTHq5WlEUAzuPzAs3jc,['cireng isi'],True,True
1895,WptXjRxULrVEWwb8S6gS,['float'],True,False
1896,WqkASkMp5iAEsnsrie28,"['risol mayo', 'float', 'penyetan', 'penyetan', 'teh']",True,False
1897,Wt22DWlxX7NZNGmOGd6F,"['kopi', 'gorengan']",True,True
1898,Ww8oocN0FZXPYNf6gVBH,"['risol mayo', 'risol mayo', 'cireng isi', 'sosis goreng']",True,False
1899,WwCr56uwRQXutuQoTVru,"['french fries', 'pisang coklat keju']",False,False
1900,WxjplaPbgi4HoA1pzInZ,"['teh', 'gorengan', 'gorengan']",True,False
1901,WxmpEcseVfbi8vWYD6Vu,"['mie', 'nasi putih', 'teh']",True,True
1902,X0A6JhE1jaUqFBs4KP03,['risol mayo'],True,False
1903,X30OggI3besWAu6tSF2o,"['cireng isi', 'risol mayo']",False,False
1904,X50nCny4Gh6ZQQAZ6Dbn,"['risol mayo', 'cireng isi']",False,False
1905,X6OOGAFTSNhUmcKSOyiy,"['mie', 'kopi', 'kopi', 'air putih']",True,False
1906,X6QxBL3LV04PFZ2CzVjK,"['sayur harian', 'kopi']",True,False
1907,X6mMw1x2b2nJQExatdwM,"['penyetan', 'gorengan']",True,False
1908,X75cfChYy920LnWmieCF,['nasi putih'],True,False
1909,X7Tvslb1xyLOt8uukN1R,"['penyetan', 'mie', 'teh']",True,False
1910,X8zpq3tShHD81MgvQuVh,"['penyetan', 'kopi', 'kopi', 'gorengan']",True,False
1911,X9xjtolh705aoIF2Jx52,"['teh', 'cireng isi', 'gorengan']",True,False
1912,XDk55ZIO3bPWPRm7z7vw,"['float', 'risol mayo', 'cireng isi', 'gorengan']",True,False
1913,XFAVrTyCRtu9gI008t17,"['nasi goreng', 'penyetan', 'penyetan', 'teh', 'es jeruk']",True,False
1914,XFNWSS7R4jqpQgHW7MmH,"['gorengan', 'cireng isi']",True,False
1915,XGPkGHisKX3deFmNx1fP,"['sayur harian', 'gorengan']",False,False
1916,XISZGwhHfoAJNPolfTe6,"['kopi', 'nasi goreng', 'telur']",True,False
1917,XIsWgsGhXU37YDAD08Ev,"['kopi', 'teh']",True,True
1918,XJdMoHk2ZlgFoCJzpjox,['kopi'],True,False
1919,XJqrq6aGvKpnJyRD6pF5,"['sayur harian', 'teh', 'gorengan']",True,False
1920,XLdHm3CZyxnpbiVQVapr,['kopi'],True,False
1921,XMwihUcL3VArqqQgrqpT,"['kopi', 'float']",True,False
1922,XNUawcGzTRINE6dXNhzp,"['cireng isi', 'gorengan']",True,True
1923,XNx60Se6fgXZsea6rIQx,"['kopi', 'float']",True,False
1924,XPR84waMBwait33fwddp,['cireng isi'],True,False
1925,XPynXMNNAEk1XLekSNpu,"['es jeruk', 'air putih', 'risol mayo', 'cireng isi']",True,False
1926,XRpJFTURtGyDtNC7bUwo,"['penyetan', 'penyetan', 'gorengan', 'es jeruk']",True,True
1927,XRrbW099yM35hDN9SFUX,['gorengan'],True,False
1928,XRzFd4Bk5XK7S0XMgbvK,"['cireng isi', 'mie', 'kopi', 'kopi']",False,False
1929,XSbXW8j2ILPQPvR6QDcx,['kopi'],True,False
1930,XUlI8yWYiZsAmxTRrrv3,"['penyetan', 'teh']",True,False
1931,XWvfL5s3bhpRGL05r108,['kopi'],False,False
1932,XYMYE2zBBeLsP1YmGIOj,['risol mayo'],False,False
1933,XYO3sYDgZBV5UkIRjDuT,['kopi'],True,False
1934,XYRtvjIG2OJ5960XmDKs,"['kopi', 'cireng isi', 'cireng isi']",True,True
1935,XcAVIceamiR1CzaKwaUF,['risol mayo'],True,False
1936,XeA6zBOapFOG4rlLXzE7,"['kopi', 'teh', 'kopi', 'risol mayo']",True,False
1937,XgbpKwkwVOxP49ZHpIku,"['es krim', 'risol mayo']",False,False
1938,XgpzSVbKAwYDmKKwE9Nt,['mie'],True,False
1939,Xin2busG97YWTnikzfAe,['es jeruk'],True,False
1940,XitEYVztxcSHqcdDv1mM,['kopi'],True,False
1941,XlLPHnKsZpF0UKcuRNBs,"['penyetan', 'penyetan', 'nasi goreng', 'teh']",True,False
1942,XlNYiCA3gGldsYbSLLb9,['es jeruk'],True,False
1943,XmyxLC3seG1LOIxhmMCN,"['es jeruk', 'cireng isi', 'risol mayo']",True,False
1944,XoGxrXMFxGxzMvU2c8KA,"['mie', 'teh']",True,True
1945,XpUlvlwMxhuSzmmRFJVs,"['risol mayo', 'cireng isi', 'pisang coklat keju']",True,False
1946,XpXmuzdQNzfo8u7deFcg,['french fries'],True,False
1947,Xr4OnCWpmLeVckiHGPG0,"['risol mayo', 'cireng isi', 'teh', 'kopi']",True,False
1948,Xr4txO0Rf7GBXqdmgaK1,['kopi'],True,False
1949,Xrwhc5vCU8aMhYNyJUHr,"['cireng isi', 'gorengan', 'teh', 'penyetan']",True,False
1950,Xs0nORhVbNvaUJsA0Cch,"['mie', 'sosis goreng']",True,False
1951,XsHRJ76YKVPJdJIvOjpo,"['teh', 'cireng isi']",True,False
1952,XsYlDtd2eX1xH95xnoru,['penyetan'],True,False
1953,XtbSO9sFRgeeAWo3WdSY,"['cireng isi', 'risol mayo']",True,False
1954,XuL85PHVN1E9QhkZKNej,"['risol mayo', 'gorengan']",True,False
1955,XuvaM2SUGAVFfGo8kHmR,['kopi'],True,False
1956,Xx45YEmKMq03RxvCMlUz,['float'],True,False
1957,Xy7OKAdJuLeWo0fS30dw,"['gorengan', 'nasi goreng', 'telur']",True,True
1958,XyNpCd3Bd5PvxpuhrF73,['kopi'],True,False
1959,XyiTZtZrovmiYrlsBvt7,"['mie', 'teh', 'cireng isi']",True,False
1960,XzEiQO6AkOk5ZcEvLuy6,['nasi goreng'],False,False
1961,Y1fMYIfrhWgDDiusnZu7,"['sayur harian', 'float']",True,False
1962,Y2u6yFPxev3FMm1Srrrl,['risol mayo'],False,False
1963,Y4c3xAwCeWRjLHHkcfa9,"['mie', 'mie', 'tahu krispy', 'risol mayo']",True,False
1964,Y4z9lMBRUtze4VIMO1QG,"['mie', 'teh']",True,False
1965,Y5Ch89PpNIMrIMO947hw,"['teh', 'risol mayo']",True,True
1966,Y6W06d1obEfLCzIB5jWC,"['sayur harian', 'teh']",False,True
1967,Y76V7JjsCpnNHeUDyGYp,['gorengan'],True,False
1968,Y7KvXGeDCzDTDCAY2OSK,"['cireng isi', 'cireng isi']",True,False
1969,Y8qlMclnbIk9PYWtKZmv,['teh'],True,False
1970,Y92VAU069ReASZIcKiFP,"['kopi', 'mie', 'air putih']",True,False
1971,Y9Jfz8yrJ01glArga9R1,"['penyetan', 'pisang coklat keju', 'es jeruk']",True,False
1972,YD7tM2yety76AKhBWqxa,"['mie', 'kopi']",True,False
1973,YEsyzvPWRQnONvxEHF1a,"['gorengan', 'pisang coklat keju', 'es jeruk', 'risol mayo', 'french fries', 'kopi']",True,False
1974,YGoMPL46dB95LmlaMKg9,"['air putih', 'kopi', 'teh']",True,False
1975,YHgw2HVm6FxVfVbJHxKO,['mie'],True,False
1976,YHxWBqejBx1NttvTIZd2,"['penyetan', 'gorengan']",False,False
1977,YIXrWAnIyqHUydUNGIqf,"['risol mayo', 'cireng isi']",True,False
1978,YJ5ml22goUrh1RTCMpPF,"['nasi putih', 'teh', 'telur', 'cireng isi']",True,False
1979,YJWUAd3SVMAb9Q4qwDCR,"['nasi goreng', 'ayam goreng', 'gorengan']",False,True
1980,YKIC77AxV0iZKnejpSJD,['float'],True,False
1981,YMLCsk2pMRFCxHUy7FKl,"['penyetan', 'teh', 'risol mayo', 'gorengan']",True,False
1982,YMOpnYxlgvMlDMMjfDiF,"['mie', 'gorengan']",True,False
1983,YOTxKDqnLStqK24agxmS,"['nasi putih', 'telur']",True,False
1984,YOYH8BSXWKzUfmfrHRXj,"['sayur harian', 'teh']",False,False
1985,YPTft1BquuYZg4zWr1ZA,"['teh', 'risol mayo']",True,False
1986,YQfwmSmumjQUWkijNe8w,['risol mayo'],True,False
1987,YSWX8tFcA5PQAVn2oifT,"['kopi', 'french fries']",True,False
1988,YTD5AlHbM24C81hpUydu,"['risol mayo', 'gorengan']",True,False
1989,YUZNVivVW32pM7CUkppH,"['float', 'mie', 'float']",True,True
1990,YWLnnN8YbbJVReANUr9N,"['float', 'nasi goreng', 'telur', 'float', 'es jeruk']",True,False
1991,YZ4He3dTrNSUMazkd9wd,['kopi'],True,False
1992,YaFg7Mqr4s7KIT8YWW4K,"['nasi goreng', 'kopi', 'gorengan']",True,False
1993,YbBzkEKBTc9j8AqKmjkC,['penyetan'],True,False
1994,YfkjJzCHF3TOhEChOhiP,"['penyetan', 'pisang coklat keju', 'float']",True,False
1995,Ygfd6VdUXSCkzunDKmhl,['gorengan'],True,False
1996,YiwInIyS6SJeORsLnKoI,"['risol mayo', 'es jeruk']",True,False
1997,Yl3l8tUrFsGGzYlGAXBM,['float'],False,False
1998,Yllpb57R08v0kPJeho1K,"['mie', 'mie', 'teh']",True,False
1999,Yn0rXJMdR4ZsBzrSTUKY,"['nasi goreng', 'teh', 'pisang coklat keju']",True,False
2000,Yp0GqFmtM3wRjtRAjdaA,"['kopi', 'cireng isi']",True,False
2001,Yq2YlvZrEvj25tkHSIHP,['es krim'],True,False
2002,YrXgcW4azL6DtQU5G94F,['risol mayo'],True,True
2003,YuvFNfcEXGNQhfrQgfLy,['gorengan'],False,False
2004,YwF4637ct2Tn4Oo0mcbK,"['sayur harian', 'penyetan', 'teh', 'gorengan']",True,False
2005,YwKGuKKsH3WCya7NCdeU,['teh'],False,False
2006,YweLTKNCPWAi4VUA9oAq,"['teh', 'sayur harian', 'sosis goreng']",True,False
2007,Yx7tfW8FsNxaQ6Y5ik8n,['cireng isi'],False,False
2008,YxE1BBIHamkb6nV0Zc2E,"['es jeruk', 'risol mayo', 'mie']",True,False
2009,YyGP6U3Qdpgckz5qNbEC,"['mie', 'nasi putih', 'teh']",True,False
2010,YyjeXlbqPdjd8AI2vXIo,['nasi goreng'],True,True
2011,YzM4id9tpfg9vTHIMZpA,"['teh', 'penyetan']",True,False
2012,Z1hrBhRF0KZLA8SX3vyt,['mie'],True,False
2013,Z40bHD0883ouo392RVbN,['float'],False,False
2014,Z5oCxbzdYhPW3kQd20Q1,"['mie', 'gorengan']",True,False
2015,Z8EUHpM45bpeJLkpfvkx,['gorengan'],True,False
2016,ZBtjBC8axXixFiOX6xK6,['risol mayo'],False,False
2017,ZCZQXMbHAXWei2gZ2rYa,['kopi'],True,False
2018,ZFrr40Ia4NA0oNMBa6oH,"['teh', 'cireng isi', 'gorengan']",True,True
2019,ZGBEh3gjrUwbPx4n5Nc8,['kopi'],True,False
2020,ZGdjAfV4aPr3jTJktCW3,['mie'],True,False
2021,ZHnI5lGkOYt6H8rBIIUR,['nasi goreng'],False,False
2022,ZIUvr1JW1vcxI7yLgika,"['nasi goreng', 'telur', 'pisang coklat keju']",True,False
2023,ZJ8qNx9KKFXa0s9QvIVY,"['tahu krispy', 'gorengan']",True,False
2024,ZJMCqmNBtWcwUkoT7yHx,"['kopi', 'teh', 'gorengan']",True,False
2025,ZKK7vc8MWWYz6INmj4G9,['mie'],False,False
2026,ZKwRVo99mDAd2I7gSePE,['float'],False,False
2027,ZLnExqJuu6lyl2qX6aHW,"['sayur harian', 'teh']",True,False
2028,ZNjkXo0egbf95aO8LqT6,['pisang coklat keju'],True,False
2029,ZQ54aD4YQQ5ArJGraLY3,"['mie', 'tahu krispy']",True,False
2030,ZQXT3q9df6yTOMYwXLlc,['french fries'],False,True
2031,ZR0fNUSLvyEWaMQj3iZQ,"['cireng isi', 'sosis goreng']",False,False
2032,ZReJqMn4SrTWdJaahUXw,"['sayur harian', 'teh']",True,True
2033,ZTWEkRhgmxm6m9n5PVOI,"['penyetan', 'gorengan', 'teh']",False,False
2034,ZVR9GcL4Rwpqp1eUn2Ae,['kopi'],True,False
2035,ZVo7KDyThANh5JYvLsXu,"['teh', 'risol mayo']",True,False
2036,ZWRKwZvu7gQgaQTE8evi,"['sayur harian', 'es jeruk', 'teh']",True,True
2037,ZX0LSeKhWGWKPAsZNlez,['es krim'],False,False
2038,ZYz93d1qI0zBDWQZk8I2,['kopi'],True,False
2039,ZZbmofwXLchKoXAhAZmZ,"['mie', 'es batu', 'sosis goreng']",True,False
2040,ZbHAaEnMtUEIjg6A2sBr,['risol mayo'],True,False
2041,Zcm3i9E8g7a04a0Zgoog,['es krim'],True,False
2042,ZeFJA9quPfSlrS0cqrdq,"['teh', 'risol mayo', 'cireng isi']",True,False
2043,Zeu8KXH29nlUADM3BTlj,"['nasi goreng', 'air putih']",True,False
2044,ZglKPhdRmEmuqA2tN8hb,"['cireng isi', 'gorengan']",False,False
2045,Zh9kl1OUREWhe7fkhY5I,"['sayur harian', 'kopi']",True,False
2046,ZhDTy4PVgqv8QBzymaTb,"['mie', 'teh', 'sosis goreng']",True,False
2047,ZiHgFSpJxY9djpT9boZw,['penyetan'],False,False
2048,ZiSGmUlfEiL9luYvIXAL,['nasi goreng'],True,False
2049,ZkaDOMs9Mrc3gI7Sx9aE,['penyetan'],False,False
2050,ZkvJzp2NUN0SMNBNHpVS,"['teh', 'sayur harian']",False,True
2051,ZkwVM51dLSqxu1bIQSio,['air putih'],False,False
2052,Zl1Yws66cgu7quuxWrNU,"['float', 'penyetan', 'teh', 'mie']",False,False
2053,ZlQSs1qUqSi0t5htZRUh,['kopi'],True,False
2054,ZlxyCIesdPRTKaiyXmoL,"['es jeruk', 'teh']",True,False
2055,ZmkfcvKQBYIrRIWSEjo7,"['penyetan', 'air putih', 'gorengan']",True,False
2056,Zo4rgxUZqfj8TnftX1Y0,"['cireng isi', 'sayur harian']",True,False
2057,ZosN4APqVvXNPw3ehWyR,"['teh', 'penyetan']",True,False
2058,Zp907Cm913eB3bgQyIuI,['pisang coklat keju'],True,True
2059,ZpJtiAg1e48B5Fl6Yinz,"['tahu krispy', 'sayur harian']",True,False
2060,ZpkFWnOJYpbtN6hILKFv,"['float', 'risol mayo']",False,False
2061,Zqb2VU2tI4AWArr9Srha,"['nasi goreng', 'telur', 'kopi']",True,True
2062,ZqwzisTkp9FTr4YZcvbC,"['es jeruk', 'teh', 'gorengan', 'tahu krispy']",True,False
2063,ZtXtYfk1GN0mn7FeyJ4T,"['mie', 'mie', 'nasi putih', 'teh', 'gorengan', 'cireng isi']",False,False
2064,ZwbNpSowodJ7vmznS45t,"['cireng isi', 'gorengan', 'risol mayo']",True,False
2065,ZyncsRaHaJTyTj9tn65z,"['mie', 'nasi putih', 'french fries']",True,False
2066,a25ExJYQmNru1TNRCClW,['air putih'],False,False
2067,a4FubhCcXLjy7je4iaiK,"['float', 'gorengan']",False,False
2068,a6UWC2HCNmfi8nltzjQS,"['penyetan', 'float']",True,False
2069,a7PYqN7OrJd1jK3mOZ0y,"['penyetan', 'tahu krispy', 'teh', 'kopi']",True,False
2070,aA3bfaY2e28dCK2wqk1W,"['mie', 'risol mayo', 'risol mayo', 'kopi']",False,False
2071,aBIclM3roL48RC9g6G3B,"['kopi', 'cireng isi']",True,True
2072,aCh1KaE3ncmuEC5dr55M,['teh'],True,False
2073,aCv2ruQ7CLWqzgNmgSHE,['teh'],True,False
2074,aDBVUvyzWS93zkF39Foq,['kopi'],True,True
2075,aDqKFIkvknOoQ8PCzP4L,['penyetan'],True,False
2076,aEbQrlfz1zXORJfJesxA,"['risol mayo', 'cireng isi', 'teh']",True,False
2077,aFRc6440J18osAsxaAtg,"['tahu krispy', 'gorengan', 'kopi', 'teh']",True,False
2078,aFVEjB8DGjpFqPEOXUMS,"['gorengan', 'cireng isi', 'kopi']",False,False
2079,aG4cFsnowoZGtqQzEWr2,"['mie', 'cireng isi', 'risol mayo', 'teh']",True,False
2080,aGexuy6l1uaFWumVQLgM,['float'],True,False
2081,aGzEw1mjMHrsx46woHEV,"['teh', 'float', 'cireng isi', 'pisang coklat keju', 'gorengan']",False,False
2082,aIt1Bt1IjYFiLIawHIOZ,"['sayur harian', 'kopi']",True,False
2083,aJZpVXDma811qtcrKDGl,['penyetan'],False,False
2084,aLBcSHLBa5OgJpKTjjxQ,['gorengan'],True,False
2085,aNyPtCY7j5uPnTWbXPmF,['french fries'],True,False
2086,aOCpHpXWZpvoCasuxvTT,"['mie', 'risol mayo']",True,True
2087,aOPRXaPXkER8gfmlpkfd,['mie'],True,False
2088,aQ6Ogo7VeG5hX0AAf277,"['air putih', 'gorengan']",True,False
2089,aRkwIeRLo01mp3pdq595,"['sayur harian', 'teh']",True,False
2090,aSRpqfzBfqPzJ1ssDKLw,"['sayur harian', 'float']",True,False
2091,aSojMPnXmJECTZZhuwDh,['gorengan'],True,False
2092,aTG36j41z7WDckE0bPOp,['teh'],True,False
2093,aTvx7ssABVKqBbcD4uCl,['teh'],True,False
2094,aUUO7CYKjfgCf68YiYjI,"['risol mayo', 'penyetan']",False,False
2095,aVEWRWTsNPjc0OVdESKY,"['nasi putih', 'mie', 'teh']",True,False
2096,aVKQ1krBoy9rmnSRuLIs,['float'],True,True
2097,aVReidQwYJBLXtjdrUZB,"['sayur harian', 'teh', 'risol mayo', 'gorengan']",True,False
2098,aVuhiHI5FG3FofSQsaBL,['teh'],True,False
2099,aYSiipFJo0bpFESAFnjI,"['gorengan', 'cireng isi']",True,False
2100,aYejVp2jRDLeqxwnhy3m,['pisang coklat keju'],True,False
2101,aZhzUYmi6PB1v0b1fxpc,"['penyetan', 'es batu']",True,False
2102,aaiGMlL4ErF41r38UOpb,['french fries'],False,False
2103,ab74XbcdUGncUSJcQPbt,"['air putih', 'mie']",False,True
2104,ad1bWKm5TVbGL1tgGbrk,['gorengan'],False,True
2105,afXOqzWQrl2pDbjsdCcH,"['cireng isi', 'gorengan']",False,False
2106,ahBGohX8fA1MFPcF4JtG,['sayur harian'],True,False
2107,ahMwIGKhxgmXPDDWMM6S,"['kopi', 'mie']",False,False
2108,ahcjNPcalVmdIaKBLRBn,"['risol mayo', 'mie']",True,False
2109,aj8msQGvnpNpmzUicFoN,"['sosis goreng', 'teh']",True,False
2110,alXIFEPXlaYcE09LSVQP,"['nasi goreng', 'teh', 'gorengan']",False,True
2111,amNYAsM20oQ9EZM5PrLf,['tahu krispy'],False,False
2112,an6bWYFeDvAScsRRj7mJ,['risol mayo'],False,False
2113,anMkckUZaPbVycG1G7Io,['french fries'],True,False
2114,ap9RRiM0ZNIyOsL4IL0C,"['teh', 'cireng isi']",True,False
2115,aqk0XTt7TvJE2Jh6zWfl,['gorengan'],True,False
2116,aqpkvOMHhm7X980roIdY,"['kopi', 'cireng isi', 'gorengan']",True,False
2117,asngzaAlqBmPa8WPF2lC,"['cireng isi', 'gorengan']",False,False
2118,audq4KAn2BhgjMQyrKWb,"['mie', 'gorengan', 'teh', 'mie']",True,False
2119,avDoPWW6QoyrQsf1ayve,['mie'],True,False
2120,avp7d27Drz1fAraO5e0C,"['kopi', 'teh']",True,False
2121,awIJZ5EcGTJA49K07J16,['air putih'],True,True
2122,awt5pOF9Iddwg6G7wlt0,"['risol mayo', 'gorengan', 'es jeruk', 'kopi']",False,False
2123,awxo7ZqsPWWcYmAmNDZ5,['pisang coklat keju'],False,False
2124,ayXotmTSMCW7SveNX1Tx,"['sosis goreng', 'risol mayo']",True,False
2125,ayzUb7cRLlddpGz4AmBJ,"['teh', 'risol mayo', 'pisang coklat keju']",True,False
2126,b01n5IkPckO2JT8Cu8dd,['es krim'],True,False
2127,b0C2oyZa3TttMsVr1K2b,['penyetan'],True,False
2128,b2TpLm1cMJYAFFQ43mmg,['teh'],True,False
2129,b358wdjX3ymIwV4zrY7h,"['risol mayo', 'pisang coklat keju']",False,False
2130,b623lKg18FTW8ii5Byip,['cireng isi'],True,False
2131,b6e4gi4A4qRzDERutw4y,['risol mayo'],False,False
2132,b8D0wglnhHGHyF8dclWw,"['risol mayo', 'penyetan', 'teh']",False,False
2133,b9A4JUTV9wGMcG6V91Su,"['nasi goreng', 'teh', 'gorengan']",False,False
2134,b9a3isok4j1xPAxWEQ2F,['teh'],True,False
2135,bAwlN97dmczZdGHP9f5h,['teh'],True,False
2136,bBgtU52bxinvI4LkVD34,['teh'],True,False
2137,bDeakhGhpXAQ0XkNEsZE,['risol mayo'],True,True
2138,bDzlPw41vzrELNh70JU8,"['gorengan', 'kopi']",True,False
2139,bExRecfB9TJieEhnGO6d,"['float', 'kopi', 'kopi', 'cireng isi']",True,False
2140,bHXanmiqdbOjL5me9aI7,"['kopi', 'penyetan']",False,False
2141,bJDGyYntDHDYbkL63vZk,"['float', 'penyetan']",True,False
2142,bKNdYKlIz3PpQpNZhM0W,['es jeruk'],True,True
2143,bLYRyLw8BgkUwBcyKf47,"['gorengan', 'penyetan', 'pisang coklat keju', 'penyetan', 'risol mayo', 'air putih']",False,True
2144,bLyWGd5sMeZf58z1Ndrz,['risol mayo'],False,False
2145,bNGPdizlCW8TDjBOlGdw,"['penyetan', 'mie', 'es jeruk', 'cireng isi']",True,False
2146,bOI5Uj6qucdOHcHxDWsr,"['sayur harian', 'teh']",True,False
2147,bPfLvqfQh15tp4E5rI96,"['penyetan', 'penyetan', 'teh']",False,False
2148,bRauVpszpqwYf9uU8fcI,"['sosis goreng', 'kopi', 'kopi', 'kopi']",False,False
2149,bTUpW09EiBXiFYROQFEl,"['penyetan', 'risol mayo', 'air putih']",False,False
2150,bVPZA55JI7Tmx3ktg4jI,"['penyetan', 'teh', 'cireng isi']",True,False
2151,bWWbHs08Tk9pXfrc2RE7,"['risol mayo', 'kopi', 'gorengan']",False,True
2152,bX0MvqGoaYqQpQkfnMOK,"['mie', 'cireng isi']",True,False
2153,bY5AsZb8OnL1OnZdOjE6,"['mie', 'french fries', 'teh']",False,False
2154,bYigV6vCKJddkOsFZODt,"['kopi', 'penyetan']",False,False
2155,bZaktJ4A1qLwVTJbgGiQ,['mie'],True,False
2156,bZp0R5Zi1IwBMkyGBzki,['float'],False,False
2157,bc7ZJbWvkycMys18mcf8,"['kopi', 'kopi']",False,True
2158,bfCt3kXH0lfyIxCgCtdr,['french fries'],True,False
2159,bfDOIGpu5R47oZEY9dC0,['tahu krispy'],True,False
2160,bfH4toGEHz5SaPRNiI4S,"['es jeruk', 'mie']",True,True
2161,bfkkfM3tcG9oPdq63tey,['sosis goreng'],True,False
2162,bgdErRGMwfM1DWlCIW61,['risol mayo'],True,False
2163,bgke5U1DvWWJMPrYiroK,['risol mayo'],True,False
2164,bh8O4b4F72VQHZP4PMb9,"['kopi', 'cireng isi']",False,False
2165,biE6caqAfqhC4piK1Olb,"['es krim', 'risol mayo']",True,False
2166,bjQptQSVBWVhyVGo0Ss2,"['kopi', 'gorengan']",True,False
2167,bjz3QlHKoKeuuhsgVrEw,['risol mayo'],True,True
2168,bl7kNHSLflPN90lJl8QT,"['kopi', 'pisang coklat keju']",True,False
2169,bmL5c72eIbXmlp1xRlaE,['float'],True,False
2170,bn1GcDqckOR0y3U3dp96,"['sayur harian', 'teh']",False,False
2171,boL9F1pnTBHsjgHRP1v1,"['penyetan', 'penyetan', 'kopi', 'air putih']",True,True
2172,bpyjfuCj9zAOCiLD2649,"['pisang coklat keju', 'kopi']",True,True
2173,btAMCo4qZ6RSPO7PQZWG,"['float', 'tahu krispy']",True,False
2174,btqmawcPXLdJ23tzyuhd,"['risol mayo', 'teh']",True,False
2175,bvBrUDzFpACYFPlOwz3D,['french fries'],True,False
2176,bwjLVOExgIXGloqdKTaj,['kopi'],False,False
2177,bxCYoTwIL9Y4SCATi4K4,"['kopi', 'kopi', 'float', 'cireng isi', 'risol mayo', 'pisang coklat keju', 'gorengan', 'mie']",True,False
2178,bysGFfCNytiNYWRyIkLM,['gorengan'],True,False
2179,bzaux4V96pqsZO2YOc9S,"['risol mayo', 'gorengan']",True,False
2180,c0HzTbJkKd5xaXj36kNS,['sayur harian'],True,False
2181,c0MghqOx0PVmzJ965x7j,['risol mayo'],True,False
2182,c3ddOtGnmjoniCZCb8Bp,['es jeruk'],True,False
2183,c4THZXJC8fZE3AqKX86D,"['cireng isi', 'gorengan', 'pisang coklat keju']",True,False
2184,c5P2jDkZ70KnbOirqNoE,['mie'],True,False
2185,c5fR0TfFcNeZCyjMtDVc,['penyetan'],True,False
2186,c7J2vznH7FXvQS4bxPyv,"['mie', 'teh', 'risol mayo', 'cireng isi']",True,False
2187,c9FoE76cslhtJikNenLY,"['french fries', 'es krim']",True,True
2188,c9gnUHLMrq7beFO8xoa7,"['mie', 'kopi']",True,False
2189,c9kvVzFhEiDFVuac52Sn,"['es jeruk', 'mie', 'nasi putih', 'sosis goreng', 'french fries']",True,False
2190,cAd6wx3MxN38F3J4ZJ1t,['kopi'],False,False
2191,cBuZ1DhmzZiaWuVaFy25,['cireng isi'],True,False
2192,cBy9zjUwjSLYXInZLLvk,"['es jeruk', 'air putih']",True,False
2193,cC2wK1ctITbSJ8tWcbQQ,"['kopi', 'es jeruk', 'gorengan']",True,False
2194,cCE49FRK1O9s4ltyjKe1,"['es jeruk', 'kopi']",True,False
2195,cDxIG5mn0q9tz5mfXSDO,"['mie', 'teh']",True,True
2196,cEL6CoFFpe2VzXNp2Bnq,['mie'],False,False
2197,cFY6XCS7Y699wkVoFYKz,"['penyetan', 'penyetan', 'teh']",False,False
2198,cGyxpwFFBeRUahpW4nqH,"['float', 'float', 'teh']",True,False
2199,cHdPHpRHbnVsOkKnIa0s,['gorengan'],True,False
2200,cHrKsE6xNkIq8fXGyPXw,"['penyetan', 'penyetan', 'cireng isi', 'es jeruk']",True,False
2201,cKLCOQ4vUbOz41ib9MuX,"['mie', 'float']",True,False
2202,cKf6Ov8PcP11LwBj5L60,['sosis goreng'],False,False
2203,cMnOSvAxLOKjRnUcWM61,['gorengan'],True,False
2204,cN6nrllRpuzUhsPLryRy,"['mie', 'mie', 'teh', 'gorengan']",True,False
2205,cOJFGTt7elgMcCUmCDpk,['gorengan'],True,False
2206,cPNl6chd18ms5g6qiWfR,"['teh', 'risol mayo', 'es batu', 'pisang coklat keju']",False,False
2207,cQVFHUQWVID0QvX8Kv7e,"['float', 'gorengan', 'risol mayo']",True,False
2208,cTamo1FYnjfTvzBB9ejB,['cireng isi'],True,False
2209,cUJmbVoYPZBOZzzp2HpT,['risol mayo'],True,False
2210,cWdAzaE289mOA1fkUZqP,"['mie', 'gorengan', 'kopi']",True,False
2211,cWkfpHPoJINgnPBgslza,['air putih'],False,False
2212,cXH18gnDxSccKgFeloYI,"['penyetan', 'gorengan', 'sayur harian', 'cireng isi']",True,False
2213,cdPPkzOSm73XiySpDdfe,"['nasi goreng', 'teh', 'cireng isi']",True,True
2214,cdZFmiBT7CqtGaEvU1XW,"['french fries', 'sosis goreng', 'es batu', 'risol mayo']",True,False
2215,ceFOjcHMhYc5Zn3gESNh,['teh'],False,False
2216,cejmNXGTxCUZURJ77aY7,['mie'],True,True
2217,ch0JagT4jlvaCjfoscJp,['mie'],True,False
2218,chqgnyfdWYMxx546DjHo,['kopi'],True,False
2219,chzsKJGWgyFyKfNHedDf,['risol mayo'],True,False
2220,cieHQrtVimwbYvKBzdFx,['gorengan'],True,False
2221,ckVr1ihNJiGKuIwjlU9C,"['penyetan', 'sosis goreng', 'french fries', 'air putih']",True,True
2222,ckvpkzH0JnltEiO94U5Q,"['mie', 'french fries', 'teh']",False,False
2223,clm3Ghp1KvEplkjSK7iP,"['penyetan', 'teh']",True,False
2224,clwBoDvNNyWMUHkrdMpC,"['kopi', 'kopi']",True,False
2225,clzVRZMiiT1QydmavhOE,"['kopi', 'kopi']",True,False
2226,cmj5MgI9NKzc2vUO0hFo,"['penyetan', 'cireng isi']",True,True
2227,cmmzPUEouJbdyfIsptWG,['pisang coklat keju'],True,False
2228,co2uLfwGIuiHGR8V4Xol,['sosis goreng'],True,False
2229,coLoitcOnYZjih5isUHZ,"['tahu krispy', 'teh']",True,False
2230,cqixdVRXmXOlK6CmA5m2,['kopi'],True,False
2231,crIk5zi35tkraBiM2IcQ,"['risol mayo', 'pisang coklat keju']",True,False
2232,ctP1FbXRKl72Vy0BZ1wE,['es batu'],False,False
2233,cvN5344wBz3VYL9iigBj,"['sayur harian', 'penyetan', 'penyetan', 'es jeruk', 'tahu krispy', 'cireng isi']",False,False
2234,cwMgJkPrdXLk6G2dCVcc,['es krim'],True,False
2235,cx2SqWmGmFk4K3arTXUq,"['french fries', 'risol mayo']",False,False
2236,cyAdQKQpB6qcl80e2O04,['risol mayo'],False,False
2237,cyOIEdaUSjoWSt3HI0bT,"['es jeruk', 'tahu krispy']",True,False
2238,czJr2gwhEOsCZb5rOIHD,"['nasi goreng', 'telur', 'teh']",True,False
2239,cznoGrGwOroqD3Hbc9WF,['nasi putih'],False,False
2240,d2IbGwtrVGQXqkPBkdfJ,['mie'],True,True
2241,d2zpMT0GRcfIY28Ahi1B,['mie'],True,False
2242,d3rhZKRu2CkGzP7ZRFAg,['cireng isi'],True,False
2243,d64dnT43XS0uacRVwvHh,"['sayur harian', 'risol mayo', 'teh']",False,False
2244,d67rxAW77YTd5o24KDFw,"['penyetan', 'teh']",False,False
2245,d7xlmChOGwg9PvO3EGSY,"['gorengan', 'teh']",True,False
2246,d8CmoqcDOu5XjpV66PIX,"['cireng isi', 'cireng isi']",False,False
2247,d8Q2wNlfHpxQTX5eRK9e,"['risol mayo', 'es jeruk']",True,True
2248,d8YveDnHK377NEFN6CJB,"['teh', 'cireng isi', 'gorengan']",False,False
2249,d8mBzs3hhDEMfvBLbcFl,['risol mayo'],True,False
2250,d8uJdApxQGVjpAILRmh1,"['mie', 'mie', 'teh', 'cireng isi']",False,True
2251,dBH6f9JR3HZzmZlN7ctM,"['teh', 'penyetan', 'gorengan']",True,False
2252,dF0A9LGLEL76UbKg19WO,['float'],False,False
2253,dGb5wwQIHJVaU5Lpp97T,['sosis goreng'],True,False
2254,dH424RSFNZuP6VT9Tci8,"['sayur harian', 'teh']",True,False
2255,dKwYs10YDkqh3CgHogYl,"['penyetan', 'es jeruk', 'risol mayo']",True,False
2256,dN8m0A35lK6YlGbQbwdH,['cireng isi'],False,False
2257,dNxa0GMJVgEiz2e7qnLK,['cireng isi'],True,False
2258,dOWK9SI9B5F6Der1mncm,"['sayur harian', 'kopi']",True,True
2259,dOgJQBT8yHJtyyLa8mGR,['risol mayo'],False,False
2260,dR3AR6e3NUZMVsUGRObw,"['penyetan', 'es jeruk', 'float', 'gorengan']",True,False
2261,dRuVwAdIrE09b49qkY8r,['mie'],True,False
2262,dW3JYn1fh7lxcgaC3LKN,['kopi'],True,False
2263,dWyplePZ7XKDU1Lmgdwc,['es jeruk'],True,True
2264,dX8hi8svCozqZGzzk7Vc,"['risol mayo', 'kopi']",False,False
2265,dZGOQRSN1PphLyb0tPGu,"['penyetan', 'gorengan']",False,False
2266,dZyH4lGsE5Vr1PzXKfdL,['cireng isi'],True,False
2267,datmtJbl5q4V0xl6h6eu,['es krim'],True,False
2268,ddQNXkrGIgTsvcuBinCt,"['nasi goreng', 'telur', 'teh']",True,False
2269,ddnsXWALDSIE44PuJt5V,"['penyetan', 'kopi']",False,False
2270,de1IYdyLXNhZmkL0hDLl,['kopi'],False,False
2271,deBExbwCSq3xoWrXfnZN,"['sosis goreng', 'tahu krispy']",True,False
2272,dh7vmKzN3JF0pGSgjevP,"['french fries', 'cireng isi', 'air putih']",False,False
2273,dhJgvSA8UYhMMHQTrbar,"['gorengan', 'cireng isi']",True,False
2274,dhTvK3D6enGDbYVJo2PR,['pisang coklat keju'],True,False
2275,diefqf5xsq1KNDbzTwCn,"['mie', 'nasi putih', 'french fries', 'teh']",False,False
2276,dj9vremkT5CYznBOg6mA,['risol mayo'],True,False
2277,dkd05D2KAIh20HYoSlE3,['es jeruk'],True,False
2278,dlHQD5KehG5DqdzMMX7p,['air putih'],True,False
2279,dlVd7V452XwSPDBMNLHS,['mie'],True,False
2280,dotFJNK8ULqpJ3uFkNOR,"['risol mayo', 'cireng isi', 'teh']",True,False
2281,dpXS1jWD127U0iOgSYCW,"['float', 'risol mayo', 'pisang coklat keju']",True,False
2282,dpfmH28u6qWnizsjZ0HU,"['es jeruk', 'penyetan', 'sosis goreng']",False,False
2283,dpmr4z688fKlOziAQDFF,"['nasi putih', 'telur', 'telur']",True,False
2284,dpztoW6Fpd8y9no1XVJ6,"['pisang coklat keju', 'float']",True,False
2285,dqVtr47OVbFa646BBzD4,"['sayur harian', 'kopi']",True,False
2286,draCSnmEOtF5l0VjtNHr,['es krim'],False,False
2287,drsTeYiGhfOa0BpWbe6G,"['telur', 'nasi putih']",False,False
2288,du12HBG988ncpmJqUvfI,"['sayur harian', 'pisang coklat keju']",True,False
2289,du8RzWYy44n7SSIS5Nbx,['kopi'],True,False
2290,duHLUvQHvgsE6BH3kM5T,"['nasi putih', 'telur', 'gorengan']",False,False
2291,dwmW0QVXx5TUXOFBQ39U,"['penyetan', 'teh']",True,True
2292,dwodv5XVobLqOEXbYpxv,"['float', 'teh', 'mie', 'sosis goreng']",False,False
2293,dwwt3mdFdQvyApvL1Bhn,"['pisang coklat keju', 'pisang coklat keju', 'cireng isi', 'kopi']",False,False
2294,dzj9MvQcBQnLMXkCikfo,"['kopi', 'es jeruk', 'kopi']",True,False
2295,e1JHQfHj3z0k5ICGBjsy,['gorengan'],True,False
2296,e77VgDfYyLa5Y57zUy7o,['pisang coklat keju'],True,False
2297,e79nVUdrQLBShXFEpRCD,['kopi'],True,False
2298,e7ApCsBwIlQsdBqsSHuD,"['gorengan', 'risol mayo', 'pisang coklat keju']",True,False
2299,eA0ySkg7LmAHvAT4XtRd,"['teh', 'mie', 'gorengan']",True,False
2300,eAuNUpAelzKB7bY6VsYp,"['risol mayo', 'gorengan']",True,False
2301,eCUJcItKgg5YJSYcqQe4,['air putih'],True,False
2302,eCbtrAIAlV0gpp6VweKP,['kopi'],False,False
2303,eDv3eUjbWce2QuYff0UF,"['es jeruk', 'mie']",True,False
2304,eFAxvLsdzalUKGXrwSE3,['risol mayo'],True,False
2305,eFBozC7Bfhh52NHJnRuo,"['telur', 'gorengan']",True,False
2306,eGprhG2TGKQm5xaDYccG,['risol mayo'],True,False
2307,eH64Jx04UAAoKrBR24G0,['nasi goreng'],True,False
2308,eI6cQkZ6mfGYjE8lZrgL,"['risol mayo', 'risol mayo']",True,False
2309,eJYZT91yeJGHB4XnPJih,"['penyetan', 'ayam goreng']",True,False
2310,eJhm8FHBUAMycABX6wRU,"['nasi goreng', 'risol mayo']",True,False
2311,eMpdCDylVecyeuqWHDP0,"['penyetan', 'pisang coklat keju']",False,False
2312,eMtgQ3mZEXO9qMvJsoDE,"['nasi goreng', 'teh']",False,False
2313,eNadmJx73d0oHkIHT8XT,"['cireng isi', 'risol mayo', 'float']",True,False
2314,eOFeF2mzng1iRELOt30i,['float'],True,False
2315,eQlJdrLyXAUmufIBJBIF,"['penyetan', 'risol mayo', 'air putih']",True,False
2316,eQzWBbw9IUBnkIR92qdG,['es krim'],True,False
2317,eTAg5JBhPGgThAqI8kZe,['sosis goreng'],True,False
2318,eUB4u8sE06donfPVBIP9,"['sayur harian', 'es jeruk']",False,False
2319,eUMOQlmUXCOgXc1aZswI,"['mie', 'teh', 'gorengan']",False,False
2320,eUQDDzTY3pfr1bMbH8vp,"['penyetan', 'teh']",False,False
2321,eVQzMZCgtlueOSBgub4k,['es jeruk'],True,False
2322,eXDs6eOdXaJrVsUWNLec,"['penyetan', 'mie', 'teh']",True,False
2323,eXyLkOqZ3XfFnGeMYXJg,['teh'],True,False
2324,ebrmANjn9u7NlHCpVYSU,"['float', 'mie', 'gorengan']",True,False
2325,eeBKVFUhmbfvyWY8rLNJ,"['sayur harian', 'teh', 'es jeruk', 'cireng isi', 'pisang coklat keju', 'gorengan']",True,False
2326,eewP7ZZ0RNYLtw6ffB0o,['air putih'],True,False
2327,egRAfa8RhnerPXAuGuWW,['telur'],True,False
2328,egvl2TkNtTLGgjxcjUre,['risol mayo'],True,False
2329,ejpR6b8ci7qqWRzieB9M,"['nasi goreng', 'es jeruk']",True,False
2330,ekb0B0kiXlUWLyc6C3lw,['teh'],False,False
2331,ekkhFWrF5SIk4P18hZW8,['kopi'],False,True
2332,emEhjzx0nA39MYr8wj42,"['mie', 'tahu krispy']",False,False
2333,emVFZaheHaj0kOT0Ku3R,"['mie', 'kopi', 'risol mayo', 'gorengan']",True,False
2334,emflwRzwi4SkVvQ7v06k,"['penyetan', 'es krim', 'teh']",True,False
2335,enEF76vMEPHnuLglItNa,"['cireng isi', 'risol mayo']",False,False
2336,enZkCx6OlL4Zw76NArQH,['es krim'],True,False
2337,eoCJFYGxJMPVvIZ4xmbo,['teh'],True,False
2338,erNku5WyPLpAoKXFmnjS,"['sayur harian', 'penyetan']",True,False
2339,ernxKNNQLuCuLLdfIPkf,"['teh', 'gorengan']",True,False
2340,euJ12cUzjQaRjm48d4Bl,['teh'],True,False
2341,evGUFCjvAWU884H36OrZ,"['penyetan', 'mie']",True,False
2342,evaeIMv5soyhhtuGZpK0,"['penyetan', 'teh', 'gorengan', 'gorengan']",False,False
2343,evpYoXHvIyytFIqyw8QP,['pisang coklat keju'],True,False
2344,eyYIngz2wcW3E5oX8aVS,"['sayur harian', 'teh']",False,True
2345,f1OBTfaOLTf7B1gZGVMb,['kopi'],True,False
2346,f2CYxkzn7yywOeAq1CTk,['air putih'],True,True
2347,f5F7BeEBlWhW9DxiPsZA,"['sosis goreng', 'float']",False,False
2348,f5l0QqF7RoyKO5GyP5FQ,['kopi'],True,True
2349,f71iZUACJ37e30cs7St1,"['penyetan', 'risol mayo', 'float']",True,False
2350,f71z6i4Y2dtbLyz1kPxf,"['sayur harian', 'risol mayo']",False,False
2351,f72Ex1jwIPPkrqfzq4QP,['risol mayo'],True,False
2352,f7cYZxkghUdGUBD2jJqj,"['mie', 'mie', 'risol mayo', 'teh']",True,False
2353,f8uYJga45bZwSlMJICb5,"['sayur harian', 'float', 'risol mayo']",True,False
2354,f9v6JXWOetALdpKDVvmh,"['mie', 'kopi']",True,False
2355,fBYVq5o4opJOG8KEUdgy,['risol mayo'],True,False
2356,fDaXgOu43FXMHx3ssA7V,['gorengan'],True,False
2357,fDwe0qZjL1qctGLDnC7v,"['mie', 'risol mayo', 'kopi']",True,False
2358,fFhnrYvzPJcSnfYsRWsV,"['kopi', 'float', 'cireng isi']",True,False
2359,fIJhIwOe9mehM1X5BKi4,['teh'],True,True
2360,fJOqEtgnq4ja4QosUVi5,['pisang coklat keju'],True,False
2361,fKKsEtVToEyDx5K3LWW3,"['float', 'cireng isi', 'risol mayo', 'pisang coklat keju', 'teh']",False,False
2362,fKO7pQNmeIJnVbj2lRtu,"['penyetan', 'teh', 'gorengan']",False,False
2363,fL1jVGRyTAcqqsvClU4H,"['mie', 'mie', 'teh', 'cireng isi']",False,False
2364,fNPrQf3cs0kqB4zYtt06,"['float', 'risol mayo', 'gorengan']",True,False
2365,fSC8gj1QdoZEMWoucgxT,['gorengan'],False,False
2366,fUT53zqza2mbCmojh9hs,['gorengan'],False,False
2367,fVRtEDB0KLTdP1J2Y1Hs,"['mie', 'risol mayo']",True,False
2368,fWKFE99yAk1f76Fgb87I,['mie'],True,False
2369,fWsEi0I1f3JlH9MJ3gKZ,"['mie', 'es jeruk', 'gorengan']",True,False
2370,fapU95eAmYP2Vasn0VcS,['penyetan'],True,False
2371,fb5BiL86F6OcoNdRC7fY,['gorengan'],True,True
2372,fcNZsWd6ZuzuBNDphGvY,"['mie', 'teh', 'cireng isi']",True,False
2373,fdN7a1nJYijOc3eEzahs,"['cireng isi', 'pisang coklat keju', 'teh']",True,False
2374,fe30jw0wwLZv64jUuhZD,"['cireng isi', 'risol mayo', 'es jeruk']",False,True
2375,ffOxNjlUgSlxuHeRocGY,['penyetan'],True,False
2376,ffYR24ZAsZZL92GKmPau,"['es jeruk', 'float', 'cireng isi', 'risol mayo']",True,False
2377,fguvmqIiyg0CPd1aY364,"['risol mayo', 'kopi']",True,False
2378,fiuAG5AOhw6WNjc9lNbM,"['kopi', 'mie']",True,False
2379,fiwwRXzHwMySdMaUdKf8,['kopi'],True,False
2380,fksGCnbdWUdMiTZcIIyA,['kopi'],False,False
2381,flQpSxb0585YqUST6IFt,"['mie', 'risol mayo', 'gorengan']",True,False
2382,flqtB7MSwLO1cnYogZxZ,['penyetan'],True,False
2383,fmdqf20OJgBHKmRK53zl,['french fries'],False,False
2384,fn7zGgxltdAzijH6DWPy,"['cireng isi', 'risol mayo', 'penyetan', 'kopi', 'es batu', 'kopi']",True,False
2385,fnBpRo0bqjEUQ5ATRPZq,"['penyetan', 'es jeruk']",True,False
2386,fpB6Z3tCbO5HKG6lwoJA,"['risol mayo', 'cireng isi']",True,False
2387,frQeTVsu5r7czQzLUPfo,"['mie', 'risol mayo', 'mie', 'teh']",True,False
2388,fse7HfxYF5JEfCPtZh4S,['mie'],True,False
2389,ftZuGRKodnvY8PuIJcfp,"['french fries', 'teh', 'air putih', 'es krim']",True,False
2390,ftkl43DUe3po59KfXx7Q,"['es jeruk', 'float']",False,False
2391,fuB5qEok04AHg9dUVsim,"['gorengan', 'cireng isi', 'risol mayo']",True,False
2392,fveqNuHYXIrjS8mTDZno,['kopi'],False,True
2393,fyY1Rue6MF1VOo9vXCVO,"['penyetan', 'teh']",True,True
2394,fzoiIwPotIn4INf5QrkX,['tahu krispy'],False,False
2395,fzsK6t5uYZLvyC8tKAcI,['french fries'],False,False
2396,g0ibSQtGupiyCJ48W8Jn,['risol mayo'],True,False
2397,g1aGA6ubeOD14021cmjb,"['mie', 'teh', 'pisang coklat keju']",True,False
2398,g1o4IQo8jozqVD4vn2lH,['float'],True,False
2399,g2hNTvpNz3H0NOtc1oJZ,['mie'],False,False
2400,g3DWcyIUEaJerE6NxbZY,"['penyetan', 'es jeruk']",False,True
2401,g4RBFKpgEFAmwZ17Azsj,"['cireng isi', 'kopi', 'kopi']",False,True
2402,g4tsAUx9JSvZFhYUGOW2,"['kopi', 'risol mayo']",True,True
2403,g5Bsnj7DQWp6PGcz9JVC,"['risol mayo', 'float', 'cireng isi']",True,False
2404,g5JYLhesF6Lzcl53wFqk,['sayur harian'],True,False
2405,g73TpBtWTtLrOPqY7Wzm,"['penyetan', 'mie', 'tahu krispy', 'teh']",False,False
2406,g7NNj7zpm78u2qkMoh2O,['float'],True,True
2407,g7hgDapRbrmgqDACsJQ2,"['sayur harian', 'kopi']",False,False
2408,g8lye3ZGL4Hna0Pop1WL,"['cireng isi', 'gorengan']",False,True
2409,gAQwcHnkaqrqVXU2wN0l,"['sayur harian', 'kopi', 'teh', 'cireng isi']",False,True
2410,gAXpSqTzWECwBrAQPisv,"['penyetan', 'air putih', 'risol mayo']",False,False
2411,gB4A1CdyYVEhtO08Uav0,"['mie', 'risol mayo', 'teh']",True,False
2412,gBmAHkmx4fTCzUxCXvgt,"['penyetan', 'teh']",False,False
2413,gDfEWOxr0lHemQTHTSuO,['mie'],True,False
2414,gEHx3vuZrNScubXhQgCa,"['mie', 'penyetan', 'teh', 'float']",True,False
2415,gEvcLJrsdMG9awQshGGc,['risol mayo'],True,True
2416,gGUTU2yJdyf4dLx0GoqI,"['cireng isi', 'gorengan']",True,False
2417,gIP4L4WI4CC49Fh9ig5U,['nasi goreng'],True,True
2418,gJXnKPCxi6YMdDJmb5jf,['gorengan'],False,False
2419,gJZ3WhGgXzcQjDTFGLLQ,['gorengan'],True,False
2420,gLeA2y2XIgvBez9EnxIC,['es batu'],True,False
2421,gMtzoxK808Q9QH22eXT9,"['mie', 'kopi']",False,False
2422,gOzfKwkjYhzEZWTb1j03,['risol mayo'],True,False
2423,gQTN8TZ73fKpQbFVSW7F,"['kopi', 'teh']",True,False
2424,gRmVtLj4H3xN95YU1dMe,"['kopi', 'risol mayo']",False,False
2425,gS7rlaYPNjSmyRxAyS9d,"['risol mayo', 'cireng isi']",True,False
2426,gSwYmGCEiuSZ168sNXwS,['es krim'],True,False
2427,gT3FMFiQTzZ0Ch92b9Fi,['risol mayo'],True,False
2428,gTBvHiPDrEgJEo37R4We,"['teh', 'penyetan']",True,False
2429,gUpLl37cXEUWbpGCX02I,"['teh', 'french fries']",False,True
2430,gVBQzfuwN8BnYr4Qxx14,"['mie', 'gorengan']",True,False
2431,gVEJrHlQf7hnLGREkvik,"['cireng isi', 'risol mayo']",False,False
2432,gWW8K4oBpHqtYUBMWvx0,['float'],True,True
2433,gWju0LvCcHwSLsyDevml,['float'],True,False
2434,gXuYoH2vH2boK7blKM0V,"['gorengan', 'teh']",False,False
2435,gakzshpiv5PVc97QibLg,['kopi'],True,True
2436,gbKSiRJFXGgIWaCkTvBh,"['mie', 'gorengan']",True,False
2437,gdV758jrRHZXbxFcYD3l,['french fries'],False,False
2438,geGPV7obX9Knca2GqABS,['penyetan'],True,False
2439,geszNUcjDJK2zRtkcAvp,['kopi'],True,False
2440,gfBUOQzprvSnEcUEJw2K,"['french fries', 'risol mayo', 'pisang coklat keju', 'cireng isi', 'float', 'kopi']",True,False
2441,gfOGGilHw9oOLupXa1x4,"['teh', 'mie']",True,True
2442,gfQTVO9OVyp3mCLfL2W2,"['kopi', 'cireng isi']",True,False
2443,gfSYzkcd2adHno5SiRvp,"['risol mayo', 'float']",False,False
2444,gfzCbdS4ZQQSpwZEwXen,['kopi'],True,False
2445,ggMu9qoG0MWQdF8HWaql,"['air putih', 'es krim']",True,False
2446,ghjdjG5BU0RRrTKfjc3i,['penyetan'],False,False
2447,gi2gk5qo8xRLHicA80zj,['teh'],True,False
2448,giYltOjX9a5scrzjVl3k,['gorengan'],True,False
2449,gj1TRU1vxv7MsHtLEG9q,"['penyetan', 'teh', 'pisang coklat keju']",False,False
2450,gjxbR1KeSDumQfJ8zvWz,"['mie', 'risol mayo', 'cireng isi', 'teh', 'gorengan']",True,False
2451,gkjtoR9hHK3fZeK7fj1s,"['nasi goreng', 'telur', 'teh']",True,False
2452,gkzGfWt7aonCRgiGegIG,['pisang coklat keju'],False,False
2453,gmSELXeRzdkY1zhl6zVA,"['float', 'gorengan']",True,False
2454,gn1n3Gwo1NhVmeyPIJ8o,['air putih'],True,False
2455,goLbddNdIyMJLA7sCmhW,['nasi putih'],True,False
2456,goa8kToyoCqfuCt05fFp,['penyetan'],True,True
2457,gq3AMEDRsHocVy75mB84,"['nasi goreng', 'telur', 'kopi']",True,False
2458,gqI2yYcvvyhLPNq1eOpn,"['mie', 'gorengan', 'es batu']",True,False
2459,gshayyqxY4P2EGUmb6hr,['kopi'],False,False
2460,guBWvEUQ6tYzbcjzS4K2,"['risol mayo', 'cireng isi']",False,False
2461,guKhyVzNg0FfCHGFcGLY,"['teh', 'mie']",False,False
2462,gwXsdSITaqUHEQ4JeRom,['gorengan'],True,False
2463,gwhFfGoThu7zbfHyCGVn,"['cireng isi', 'risol mayo']",True,True
2464,gyQ258llmoeOb3EfYIt5,['mie'],True,False
2465,h025lypOdsEepbyFFe73,"['mie', 'teh', 'tahu krispy']",True,False
2466,h1Vbxmzrag5Z5HmGlUz5,"['mie', 'teh', 'cireng isi']",True,False
2467,h3v0gvZlowxS4GGNLbPb,"['cireng isi', 'pisang coklat keju', 'teh']",True,False
2468,h66PhXsU8J8Bw4Gc3N4p,"['penyetan', 'gorengan', 'pisang coklat keju']",True,False
2469,h676zL6Tcq7mPUCyt7BH,"['es jeruk', 'penyetan', 'sayur harian', 'kopi']",True,False
2470,h8EdVrmGWPFENGWDKt6F,['kopi'],True,False
2471,h9kmPPSrx1n3AacYcK5C,"['teh', 'sayur harian']",False,False
2472,hCEBLoBOJUQavw1Xkr0s,['risol mayo'],True,False
2473,hGcHR8iwkszYXzllO2nb,['mie'],True,False
2474,hHLy9kgTkEKyu3zc3z0g,"['kopi', 'gorengan']",True,False
2475,hHhpJLfM9of4nXoFbrkv,"['tahu krispy', 'teh', 'kopi']",False,False
2476,hKEAE345D7G2wsNgfZ6W,"['mie', 'nasi putih', 'risol mayo', 'risol mayo', 'teh']",True,False
2477,hOcp9mhrBQ35nJCHPMVS,"['nasi goreng', 'float', 'float']",True,False
2478,hOnvu4GTJ6aGvoyYe0a9,['penyetan'],True,False
2479,hPsLURf6mSZGWPI8zplu,"['penyetan', 'gorengan', 'es jeruk']",True,False
2480,hQCYRGrfTHThWezhGtEp,"['mie', 'mie', 'gorengan', 'risol mayo']",True,False
2481,hSOsxdmOGeVeXJBY8ht6,"['sayur harian', 'gorengan']",True,False
2482,hSTssQt3VEomMxPruntB,"['kopi', 'risol mayo', 'penyetan']",True,False
2483,hShT3nmhr2lKDLtTtiFn,['es jeruk'],True,False
2484,hUYrNSnU68P5KOlShwQ2,"['mie', 'nasi putih', 'teh']",False,False
2485,hVni0L5Hjkq16zRQ9DKY,"['penyetan', 'sosis goreng']",False,False
2486,hVqbMqFhCgVn6BYkl94t,['penyetan'],False,False
2487,hXHi5kUM9IMOxo4OozZD,"['risol mayo', 'kopi', 'cireng isi', 'sayur harian', 'teh']",True,False
2488,hbbew3dc14MHXP68K23u,"['cireng isi', 'pisang coklat keju', 'es jeruk']",False,False
2489,hbro1ThYMoKibgzzdDY7,"['gorengan', 'float']",True,False
2490,hg1IFX1KyWvpvIg3jbhl,['risol mayo'],True,False
2491,hgFCOxPbGc3ux4q82GWR,"['kopi', 'kopi']",True,False
2492,hgGQpclg6KiUyXEPxW4g,"['float', 'gorengan']",True,False
2493,hhOIMxC1zUdR4vwXX7Ne,['risol mayo'],False,False
2494,hi32jOeWQ2oE5RSqewvR,"['tahu krispy', 'risol mayo']",True,True
2495,hiYHxVi1Ix7ldjX7H13V,['penyetan'],True,False
2496,hj3KvAje8SukkvT1eqPq,['gorengan'],True,False
2497,hkjXU16MldsRxOnuQWgb,"['air putih', 'cireng isi', 'gorengan']",True,False
2498,hmBIzDfiKPNZYWyzjII3,['french fries'],True,False
2499,hmRlKFKqxGj55YOVLeCN,['risol mayo'],False,False
2500,hmRtrWlyW1JtK4MOp7wI,['risol mayo'],False,False
2501,hnXKJLv0aWtuHvqQBlg7,"['penyetan', 'kopi']",True,False
2502,hp624STdpQXwBUj3Og3f,"['penyetan', 'teh']",True,False
2503,hqG9zd5utL7lXX3u3fmT,"['teh', 'cireng isi', 'risol mayo']",True,False
2504,hqRyVG6KbqKLzMecOmss,"['tahu krispy', 'teh', 'mie']",True,False
2505,hsnuqwMQXQiiTT49lxnA,"['penyetan', 'kopi']",True,False
2506,hunsgQbrptf87W62Rqu8,['risol mayo'],True,False
2507,hv3IxSJOlOO1QRFsDDg9,"['sayur harian', 'teh']",False,False
2508,hvCEKSy19PYMEMQZCFUn,['penyetan'],False,False
2509,hwDtFGopBLU4P5vS6jnR,"['risol mayo', 'gorengan', 'kopi', 'kopi']",False,True
2510,hy5Ovblut3Te5LsZXKEo,"['mie', 'teh']",True,False
2511,hyYPAhwmiqkUObBqTH54,"['nasi goreng', 'risol mayo', 'tahu krispy']",True,False
2512,hz2yXZFomnhq0uK9CREP,['teh'],False,False
2513,i00OWezRkTBioGyoWAup,"['cireng isi', 'kopi']",True,False
2514,i0eKB4K3gzANvkdexQfS,"['pisang coklat keju', 'cireng isi', 'gorengan']",True,False
2515,i1VCC7AyhFEQkqBXLUel,['float'],True,False
2516,i3q98vXaU4RPFY0N8wkp,"['kopi', 'french fries', 'cireng isi', 'risol mayo', 'es jeruk']",False,False
2517,i4STr9U5gb4cXguuAaiR,['penyetan'],True,False
2518,i4aAaRrNUB31cq7wqUxI,['risol mayo'],True,True
2519,i5zbocmnFv6llcEZDCYc,"['mie', 'kopi']",True,True
2520,i8SRpzAwWo27HA3JFC3a,"['mie', 'nasi putih']",False,False
2521,i8fUOdbvzWzcdBIm04vt,"['kopi', 'teh', 'penyetan']",True,False
2522,iCs29hH87IvrW05gUqs7,['es jeruk'],True,False
2523,iDavmnEXq6jJBsOYVGdo,['penyetan'],True,False
2524,iDtU7mY9iQGMCWXLWvUF,"['risol mayo', 'cireng isi', 'gorengan']",True,False
2525,iEXWxPzckan6w4qyOpA9,"['air putih', 'float', 'float', 'risol mayo', 'pisang coklat keju', 'es krim']",True,False
2526,iFwaJryMz9Mj1leLAIY4,"['penyetan', 'teh']",False,False
2527,iH5BoB7NLYGRo6SdQoz1,"['risol mayo', 'risol mayo', 'es krim', 'kopi']",True,False
2528,iJI2tQRd0rjg00uW6nh4,['mie'],False,False
2529,iJIBKbye96tgr3rzhjvD,"['cireng isi', 'gorengan']",True,True
2530,iJbdiT4a8JKN11DynwD3,"['penyetan', 'penyetan', 'air putih']",True,True
2531,iLqyG2wKVG2JhmQjhmVA,"['risol mayo', 'risol mayo']",True,False
2532,iMxVEPkhgRaGGHINczqI,"['sayur harian', 'float']",True,False
2533,iOV6dSBXuN337lnDi5UH,['es jeruk'],False,False
2534,iQGqrciulN2lvcehPmUg,['cireng isi'],True,False
2535,iR9z47FiTNKcR9qVJ1cL,"['nasi goreng', 'teh']",True,False
2536,iT43gNnlzQOanxs4gagm,['penyetan'],True,False
2537,iTyXB5Em7foewt8qxNI8,['nasi putih'],True,False
2538,iUV6ZLmJx662BylGoD36,['float'],True,False
2539,iVrhO7MU1UmbGt8U7li9,['cireng isi'],True,False
2540,iahhTWdl1tDPzvhxxI1W,"['sayur harian', 'gorengan', 'teh']",False,False
2541,ibUD68YYisMgfY3rgQWn,['penyetan'],True,False
2542,ibwquUKmWXiY2ZudQ5TM,"['sayur harian', 'mie', 'kopi', 'kopi']",True,True
2543,icHAuhUsleJZ1jG8bk99,"['gorengan', 'cireng isi']",False,False
2544,idpTTshc9f6BpAc2Uryn,"['nasi goreng', 'es jeruk']",False,True
2545,ieVHuXqCTjNtAb85XexA,['float'],True,True
2546,ifPIxjRu6lGhNGCBnpAp,['pisang coklat keju'],True,False
2547,ifomD4sUgTrXYgqgZWwS,['cireng isi'],True,False
2548,ihCkfHd9nSn18MG2q4Yo,"['mie', 'nasi putih']",True,False
2549,ijEIS0OdBq3FGBt2r2jo,"['mie', 'teh', 'mie', 'teh']",True,True
2550,ikcL6OlfFvCgBqNtQ9DL,['gorengan'],True,False
2551,imtLlDPd7x76T6Tcru8l,['es jeruk'],False,False
2552,imvyApxqwyKlX1vsD3I9,['gorengan'],False,False
2553,in5rK13liuDPqeoTkZrk,"['es jeruk', 'tahu krispy']",True,False
2554,inD5zaYv1O2EGhetd4Wv,['gorengan'],False,False
2555,inNHqsz0Lcd6eSH7CTA6,['mie'],True,False
2556,ioqBRMO7LuxnCu5exl5T,"['nasi goreng', 'teh', 'telur']",False,False
2557,isXhLqY0XV0KoDCEbnwY,['gorengan'],True,False
2558,itKsF9uy8bvjA3riqDTZ,"['mie', 'teh']",False,False
2559,ixLSTgfBAtUQDHVNduJf,['sayur harian'],True,False
2560,ixfY98SJ7NmvioRKnyWA,"['sayur harian', 'es jeruk']",True,False
2561,ixgUdPjD1Hw3gXhmmNiw,"['teh', 'mie', 'gorengan']",True,False
2562,ixow0qnYcSFOCnarulHz,['mie'],True,False
2563,iz4hn8BvhCJd5DbHr1eU,['kopi'],True,False
2564,izg6m0V9VJf888uMH6dr,['risol mayo'],True,False
2565,izyqlso9cmcL1mWR8fjD,"['sayur harian', 'gorengan']",False,False
2566,j23L8uauZkCMqzYhN0cS,"['risol mayo', 'sosis goreng', 'teh']",False,False
2567,j3v8sOJdHWbHPIcBtCZh,['gorengan'],True,False
2568,j4YdM5H3h75t2oxZ7Ryr,['penyetan'],False,False
2569,j4xMkPcGFI1jH7Uy8zfT,"['risol mayo', 'cireng isi']",True,False
2570,j64imazfKxzo3secWWoU,"['sayur harian', 'gorengan']",True,False
2571,j7mqOqm9Laac0eaJzJMM,['risol mayo'],True,False
2572,j95AkOMn3rratl5VmcHQ,"['teh', 'cireng isi', 'gorengan']",True,False
2573,jBTpx8bxNH0yLxtxmUaj,"['nasi goreng', 'gorengan']",True,False
2574,jBsR4RaWfYvttMxAGzZr,['teh'],False,False
2575,jC6gLgv7hEkRUVRYCsQ7,['nasi goreng'],False,False
2576,jCGlredNzAtFIhiHR9z4,"['sayur harian', 'teh']",False,False
2577,jD1M9pW4K0ul5XmcRwF5,['kopi'],True,False
2578,jEgLeUYUIzLO6B2fuekN,['risol mayo'],True,False
2579,jGxGbJHpuWFp4EQBgiNn,['kopi'],True,False
2580,jI8zT2a5A4Yu8I1xGoD0,"['teh', 'teh']",True,False
2581,jIeFgvsErTrSA3BnUdXl,['es batu'],True,False
2582,jIri1PblLUSVh0wVVhra,"['penyetan', 'cireng isi', 'teh', 'teh', 'gorengan']",True,False
2583,jJu0n5jKGoWorUERCr3Z,"['sayur harian', 'es jeruk', 'gorengan']",True,True
2584,jKJUSeUhJiwyX0PyTb1D,"['air putih', 'sayur harian', 'risol mayo', 'cireng isi']",False,False
2585,jMYHL436XptGeivXhYdZ,"['es jeruk', 'mie', 'penyetan', 'teh', 'penyetan', 'nasi goreng', 'telur', 'kopi', 'air putih', 'cireng isi', 'gorengan']",False,False
2586,jNWJmhGJxzFGltjLNA45,"['mie', 'nasi putih', 'risol mayo']",False,False
2587,jP3NU4rkGkxZZSiqKAxS,['risol mayo'],True,False
2588,jQ2ZYWtGYnDL6cVO5nb0,"['es krim', 'risol mayo']",True,False
2589,jQ52VkTW8CBIXU5VtKOS,"['penyetan', 'kopi']",True,False
2590,jQPoo9adZpK5bDIPdHcG,"['mie', 'cireng isi', 'teh']",False,False
2591,jRy0kAfVCGUfK7WaR7co,['gorengan'],True,True
2592,jSbvgqXxCOQGXcWKaEvp,['penyetan'],True,False
2593,jT1Cm6fF6S1aCa9Gxsd8,"['risol mayo', 'kopi']",True,True
2594,jTfWdZ8YQgqdTgCy6UDi,"['es jeruk', 'teh', 'gorengan']",True,False
2595,jTfqSVH4R4fRTQkiPHaR,"['mie', 'gorengan']",False,False
2596,jWn7gO6bIt1aMlxOdTQ5,"['mie', 'float']",True,False
2597,jZjBP2moX0BbhNyWl06P,"['cireng isi', 'cireng isi', 'teh']",False,False
2598,jaFCLeK9E53CFSljoURS,"['nasi goreng', 'telur', 'teh']",True,False
2599,jclEJA6ChSXVDcheKDdt,"['risol mayo', 'es jeruk']",True,False
2600,jcmkYf1uYp9G58iTiDgo,['penyetan'],True,False
2601,jdAJplpFiSAf1rrERidm,"['kopi', 'kopi']",False,False
2602,jdMzHwa55HY0PYpkRZNo,"['sayur harian', 'air putih', 'gorengan']",True,False
2603,jfZ6QrmjHyTezVpn2DUE,"['pisang coklat keju', 'gorengan']",True,False
2604,jfdULm3SStTZXEivndx9,"['es krim', 'float']",True,False
2605,jgOy8egF4SFelQMR8QHv,"['kopi', 'penyetan', 'penyetan', 'kopi', 'tahu krispy']",True,False
2606,jjgSNT842eoER5XlwdBf,['penyetan'],True,False
2607,jmT1yUmvZVBpYwaYZHWl,"['mie', 'sosis goreng']",True,False
2608,jowmKk3RUWMbrpuo26xT,['pisang coklat keju'],True,False
2609,jpJ999CswBK1SmRPnbS8,"['mie', 'french fries']",False,False
2610,jpe3l1cyScAjZ56vIgYN,['risol mayo'],False,False
2611,jrKkNM1yskYom6jni0qV,['gorengan'],True,False
2612,jrmpIamonwQTGUVSzKk2,"['french fries', 'gorengan', 'teh', 'teh', 'sayur harian']",False,False
2613,ju7yWwmMSUlkvgnVE6cF,['risol mayo'],True,True
2614,jv6MipANftVrsF1EYXrj,['sosis goreng'],True,False
2615,jv6y6vgXr5n2KjkAnDMu,"['kopi', 'kopi']",True,False
2616,jwFrgMZknLkQ0pHy8SON,"['cireng isi', 'gorengan']",True,False
2617,jxFqtFri2wpIPTmq8qaZ,"['sayur harian', 'teh', 'float', 'risol mayo']",True,False
2618,jyd5BugmfTT2yQYBXayj,"['gorengan', 'cireng isi']",True,False
2619,jzN3fYfBtCsdA922NeC1,['telur'],False,False
2620,jzYUdLEdAnH2HR2lKoi7,"['float', 'cireng isi', 'es jeruk', 'sayur harian']",True,False
2621,jzdMXsALnsPp7FQB7JLG,['gorengan'],True,False
2622,k0NdvsbKXJGthGe69KJW,['cireng isi'],False,False
2623,k0yzAZG2ipoC7hsdBGpB,"['cireng isi', 'sosis goreng']",True,False
2624,k1Ck7Jjy9eS3sDYJ6y1Q,"['risol mayo', 'cireng isi']",True,False
2625,k1ISEZ6Hz5CGGB4RPj0U,['kopi'],False,False
2626,k35BvwKbrVDqpgm9oLjf,['gorengan'],True,False
2627,k3Dhx2fgkTWvM0L5X73x,"['pisang coklat keju', 'es jeruk', 'gorengan', 'cireng isi']",False,False
2628,k487RQ6j8EQuXjKMvfVm,['float'],True,False
2629,k4GvmNb8wl3oCOiGvVQo,"['mie', 'teh']",True,False
2630,k5fTaTo5od994c3VP9cg,"['nasi goreng', 'teh', 'pisang coklat keju']",True,False
2631,k8i83qL39Qx6rKdWahGA,"['mie', 'risol mayo']",True,False
2632,k8xAqTM3siS5LD9vd3vq,['pisang coklat keju'],True,False
2633,kAta2wqMUZPkaeHYbMlA,"['sayur harian', 'gorengan']",True,False
2634,kBBHajkElD0TxYbmHzZt,['teh'],True,False
2635,kCenYvt8Qt87qvAjNUUN,['gorengan'],True,True
2636,kDRIPEig6ARlPtYKSJzr,['es jeruk'],True,False
2637,kDhtvteorLTzNShWQLRO,"['teh', 'gorengan', 'risol mayo']",True,False
2638,kG9tI6nKMFj9mTloX1Vn,"['mie', 'penyetan', 'air putih']",False,False
2639,kGtECttdM1Tq7TW1NiwK,['risol mayo'],False,True
2640,kHumrmEWHOaj3Ngtyhbs,['risol mayo'],True,False
2641,kISvg0eRoYdsP5CgMaQH,['pisang coklat keju'],False,True
2642,kJIAntu8aX2SJGmsFAnH,['penyetan'],True,False
2643,kJPoL83mySCp2GUzBggE,"['nasi goreng', 'telur']",True,False
2644,kK0gnearnhxm2WQkKi38,"['sayur harian', 'teh', 'gorengan']",True,False
2645,kKwjtZcXQ2YIeCzA2EW2,"['sayur harian', 'teh']",True,False
2646,kNy8ws9Zt1zvrnmiTsxq,"['nasi goreng', 'telur', 'mie', 'penyetan', 'mie', 'float', 'nasi putih', 'gorengan', 'teh', 'cireng isi']",True,False
2647,kNzZ03Wwkw3xafesn4Kt,['float'],True,False
2648,kPFhdtVR6emlc3am6DT4,['risol mayo'],True,False
2649,kQDpgWqghgvk3refpjBI,"['penyetan', 'teh', 'cireng isi', 'gorengan']",True,True
2650,kSLHRIjQ9yBWtcg06b3u,"['mie', 'teh']",False,False
2651,kT7HRzUIRHDLtFadVwQu,"['es jeruk', 'french fries']",True,False
2652,kURUvn8oAzr4xAOs0tIN,['es jeruk'],False,False
2653,kUcmvTqkQCY3EIO8lnoN,"['mie', 'french fries']",True,False
2654,kVeBQvTaMfN4LMqLdpkR,['pisang coklat keju'],True,False
2655,kWKRUnw3CllPmyXzDvr2,['gorengan'],False,False
2656,kdGuVF7LC1VquOgqWI0T,['nasi putih'],False,False
2657,kdUFvkqu6BPxpJl1dt94,"['risol mayo', 'risol mayo']",True,False
2658,kdak73qHSpp1wiPQvqEp,['nasi goreng'],False,True
2659,keAHnhan4rjvYq55Q49p,"['penyetan', 'teh']",True,False
2660,keX1FdZShaaI0dgUWIWG,"['penyetan', 'mie', 'kopi']",True,False
2661,kesOr1Mr2zJCPZPVBi9U,['penyetan'],True,False
2662,kgrf08dbZ985x4xA89Fm,"['cireng isi', 'gorengan']",True,False
2663,khGXcOHKCondZl49GaC7,['risol mayo'],True,False
2664,khc22qe7WppMeoQ6S4Jt,['teh'],True,True
2665,khlsxQyfK7A0jrnu3116,"['gorengan', 'risol mayo']",True,False
2666,kiAwEE6Ul4RUXa8fsXyC,"['nasi goreng', 'mie', 'sosis goreng', 'kopi', 'kopi']",True,False
2667,kluEikTP5DpKhZOPHvBU,['risol mayo'],False,True
2668,kmLLWj4MD2eo3Nq29qh4,"['penyetan', 'teh', 'risol mayo']",True,False
2669,koULZUTprNK3Q0uq4GgT,['float'],True,False
2670,kqbqHnLcU4BVyariShwn,"['mie', 'teh', 'gorengan']",True,False
2671,kr458hYmjhGnCRcfyFlv,['gorengan'],True,False
2672,ksFXT135ShIIvFBr0jFs,['float'],True,True
2673,ku3pt4T5oc15Dffw10sM,['kopi'],False,True
2674,kuRxQYPhss2Iyn97OKpH,['gorengan'],True,False
2675,kuo43pMHNeLMo6ny1Myq,['penyetan'],True,True
2676,kwezosk9i01DLub9edZA,['sayur harian'],True,False
2677,kyV2YaFd5CwSBblPw70C,"['risol mayo', 'mie']",True,False
2678,kzCHvxLUJwQqlbKF7uPP,"['gorengan', 'sayur harian', 'kopi', 'penyetan', 'penyetan', 'teh', 'kopi', 'es jeruk', 'air putih']",False,False
2679,l15nMEc5mKfMREY0BJz1,"['teh', 'tahu krispy']",True,False
2680,l1CvUShjjg1YQED19rTL,['risol mayo'],True,False
2681,l1JpVaLJOLZw2VcSinRx,['kopi'],False,False
2682,l2Hpk4Jc0sV4MEqvD8MP,"['penyetan', 'teh', 'risol mayo']",False,False
2683,l3yFogWrnbw7gSm0a7iL,"['mie', 'cireng isi', 'teh']",True,False
2684,l4R0uUmELqy1crVKBFim,"['teh', 'teh', 'nasi goreng', 'gorengan', 'telur']",True,False
2685,l57djTpgfzMIalWwWLom,"['french fries', 'gorengan']",True,False
2686,l5BjvWUiHeRqzLbUXI0r,['teh'],True,False
2687,l7chjuZndsrijYrxcmNH,['kopi'],False,False
2688,l8NRetzo0byBT2qp6tZj,['kopi'],True,False
2689,l8qDN0Z4lCMzV9QnOW22,"['mie', 'teh', 'pisang coklat keju', 'risol mayo']",True,False
2690,l9QWswfwMcJIu69vz5Nq,"['risol mayo', 'gorengan', 'cireng isi']",True,False
2691,l9eCuW3fzU5xkNwF31VQ,['mie'],False,False
2692,lAM2bnfsMoHxE9drfBze,"['kopi', 'teh']",True,False
2693,lBHTlLH8xnMfEVseifMX,['es krim'],True,False
2694,lCBZIuv3DygxOBLl3peT,"['mie', 'mie', 'air putih', 'teh', 'es jeruk']",True,False
2695,lEX3KOuDQeehHFQLYPzd,"['es jeruk', 'risol mayo']",True,True
2696,lFiH6qKzgIkWcnfoTsbm,"['mie', 'gorengan']",True,True
2697,lGFh9SyYa6vE3WpTx780,['cireng isi'],False,False
2698,lGIotZ6sGBbdiZfhbkHv,['teh'],True,False
2699,lIICePGdo41dRiYOU8gx,['gorengan'],True,False
2700,lKJFUCLtuoBb4tuTpGNQ,"['penyetan', 'teh']",True,False
2701,lLvtBv6caNWc6XOOAMDw,"['cireng isi', 'teh']",True,False
2702,lMj7yhdFmycRLSJORn31,"['air putih', 'teh', 'risol mayo']",True,False
2703,lOsJTPoH9SGjDLEB8ukV,"['mie', 'float']",True,False
2704,lPsdYdPk3N4Ujjyb15Iw,"['kopi', 'air putih']",True,False
2705,lQ1LG6xjmzmVSkVYIzEZ,['gorengan'],True,True
2706,lQbL3y2b0GkuLv3IXkWb,['cireng isi'],False,False
2707,lS0E7CpKb0pnNcl5etm7,"['teh', 'kopi', 'pisang coklat keju']",True,False
2708,lSlqwubexIw0Uf97eZDt,"['gorengan', 'risol mayo', 'es krim', 'teh', 'kopi', 'kopi']",False,False
2709,lTqzMeE57xtAX37AwAGl,"['nasi goreng', 'teh', 'gorengan']",True,False
2710,lW4EU9S33rvdChKvRTa3,['risol mayo'],True,False
2711,lXoACskkHsf8kIB3VZAk,['teh'],True,False
2712,lY0NteWmcDVA8cDV8VMd,"['gorengan', 'cireng isi']",True,False
2713,lYXEvEZldbuiN3dbemU5,"['penyetan', 'kopi']",True,False
2714,lZoaCPY9ixRTGbVxgSl1,"['sayur harian', 'air putih']",True,False
2715,laTjAV9B3nYhRe3BEwEz,['risol mayo'],False,False
2716,lbEh12MYvZFB8sGbhlak,"['mie', 'risol mayo', 'cireng isi', 'teh', 'kopi']",True,True
2717,lbzymEj1RpEPqYDfXgFq,"['cireng isi', 'risol mayo']",True,False
2718,leT4gDtvO3Kw8HcqwC5c,['cireng isi'],True,False
2719,lg0Tghacl3ZEhOubaQxJ,"['penyetan', 'risol mayo']",True,False
2720,lh9owZclbnBFjd71kngh,['float'],False,False
2721,ljxo9tiVlQCSjzVVzmSy,"['gorengan', 'gorengan', 'cireng isi']",True,False
2722,lk4L4ENe7we7aHfh7XHR,['es krim'],False,False
2723,lq8QeMNgjOaUdRCMnSTv,"['kopi', 'teh', 'penyetan', 'pisang coklat keju']",False,False
2724,lsyZEdRgmgNn2lCLIroI,['air putih'],True,False
2725,ltOHhRCLWbvWLeYkHUo2,"['mie', 'teh']",True,True
2726,ltfFrRj7878lPzUvIYea,['teh'],True,False
2727,lupJ9aP12teW5eKArBE1,['risol mayo'],False,False
2728,lyMIvC2FOSiJTN1yItXG,['teh'],True,False
2729,lyfafonpwNu5YpfrzVWp,"['risol mayo', 'gorengan']",True,False
2730,m04vIRYkxmNcpr6P8A2H,"['gorengan', 'pisang coklat keju']",True,False
2731,m2pnAGhHuVifoQjBzZUW,['risol mayo'],False,True
2732,m2yBlTOztK8m2tEK1ClA,['risol mayo'],False,True
2733,m4HNIsEffqdO53fZtAPt,['kopi'],True,False
2734,m4rR571SpXpuMsOuczt5,"['kopi', 'cireng isi']",True,False
2735,m7RPcbYCpIseWHO4tgi8,"['teh', 'risol mayo', 'tahu krispy']",False,False
2736,m7wHWkaVgGeEyk08XXHO,"['mie', 'penyetan', 'es jeruk', 'kopi']",True,False
2737,m8B1bv7cJON9Hc4jXmnF,"['risol mayo', 'gorengan']",False,False
2738,mAovN569MBqbaIMqtCD5,['es krim'],True,False
2739,mBvIylGJanEgCxDbwgfW,['sayur harian'],False,False
2740,mCmCxhpkZXiiYgDGLwlX,"['penyetan', 'penyetan', 'kopi', 'kopi', 'tahu krispy', 'sosis goreng']",True,False
2741,mFeH0Tb9Apprdyi8FqM9,"['penyetan', 'es jeruk', 'teh']",True,False
2742,mH0vmBy7ihsE832SpE0u,"['kopi', 'gorengan']",True,False
2743,mHZmbILq5rXsJbfLvExl,['kopi'],True,False
2744,mHsAee5AH6jC1mvBb1qw,"['penyetan', 'teh']",False,False
2745,mIazDxJJYvYegftl803Z,"['es jeruk', 'tahu krispy']",False,False
2746,mKy8GHSw581jAr7tUfTr,['risol mayo'],False,False
2747,mMJfMPWyL8H7b464jTsf,"['teh', 'sayur harian']",True,True
2748,mMNbO6CPfSAsJs8kRvj8,"['penyetan', 'teh']",False,False
2749,mOtwQ1b9RvBM0hZ6yCjJ,"['penyetan', 'kopi']",True,False
2750,mPrGBZgpxN3ivj86wy95,['cireng isi'],True,False
2751,mQ6BEjxw6Fue2KXKV89K,"['risol mayo', 'gorengan']",True,False
2752,mQVYAuL74QeSgrp0tvrb,['mie'],True,False
2753,mQdhU7SUdHH7m1EQYlKX,"['penyetan', 'mie', 'gorengan']",True,False
2754,mRVfKVtxJvDN7swLBz9i,['kopi'],True,False
2755,mUWSLBKhAQSrhk51aEjj,['kopi'],False,False
2756,mWRe7OPy4hvM7xT6Lvwh,"['penyetan', 'mie', 'sayur harian']",False,False
2757,mYnBTL4r2DsTm1vJ0iQs,"['penyetan', 'kopi']",True,False
2758,mZ58UtC77pW4HrqEIkHv,['es krim'],True,True
2759,mZ9YVVMX0XUYTK1oOvv0,['cireng isi'],True,False
2760,mZpqyaynh4FlSM9AlFcM,"['sayur harian', 'cireng isi']",True,True
2761,ma4jSHbhT3BsdY14WaXc,"['penyetan', 'gorengan']",False,False
2762,mc43j7pO4my97REQ7QIJ,"['nasi goreng', 'kopi', 'cireng isi']",True,False
2763,mdZZpSdcUSMVrActLCdT,"['mie', 'mie', 'gorengan']",False,False
2764,mdskS2CTXJujvrdxWrI8,"['cireng isi', 'risol mayo', 'float']",True,True
2765,mf4WlK4PmAA25X5p9Ops,"['sayur harian', 'cireng isi']",True,False
2766,mkgq07yicUWXmVpeIGxO,"['float', 'tahu krispy', 'sosis goreng', 'risol mayo', 'pisang coklat keju']",True,False
2767,mlXoA42gqcwGM1JHe9wZ,"['mie', 'nasi putih', 'kopi']",True,False
2768,mlqtVxG5e8wTzdPwN18U,"['mie', 'teh']",True,False
2769,mmk335izYitGtmiDBzJj,['teh'],True,False
2770,mnhjv5SZVKN7CEftlSSJ,['air putih'],False,False
2771,mnrPIDyDsbpt5Ad5HtU7,"['penyetan', 'gorengan']",True,False
2772,moYwVuoxnB2HBoYwb07h,"['mie', 'air putih', 'penyetan', 'teh', 'gorengan', 'risol mayo']",False,False
2773,mpv6unHsPdNSjNWhQExt,"['teh', 'gorengan', 'gorengan']",False,False
2774,mqT2I4ajoBJcW1IYRwaz,"['mie', 'gorengan']",False,True
2775,mqgv9sgwx8Ue1OwM0Rji,"['penyetan', 'penyetan']",False,False
2776,mqyJf5AO3a7PJRAHrFm3,"['nasi goreng', 'float', 'teh', 'float']",True,False
2777,mrMS6IDuUMExnc0p00VU,"['kopi', 'mie']",True,False
2778,msGNvbeqputIIURm7uXK,"['penyetan', 'teh']",True,False
2779,msQTxhUa0GKL1nPaj0wp,"['nasi goreng', 'teh', 'cireng isi']",False,False
2780,mtCp6XIezlVuRJUOqctq,"['kopi', 'risol mayo', 'gorengan', 'cireng isi']",True,False
2781,mtP8fsQPeJ1XmRGJu1Wt,"['kopi', 'gorengan', 'risol mayo', 'pisang coklat keju']",True,False
2782,mtcy8atukmv3o0l3pLJ1,['air putih'],False,False
2783,mtmOv8YH9CBYsTvzzXDv,['penyetan'],False,False
2784,mtsUU9zNb2M7nNjP1PnN,['kopi'],True,False
2785,mu0DCFB5Q8mkIn0rX4LW,['risol mayo'],True,False
2786,muiCt2M3t8f3So9c21Ee,"['penyetan', 'teh', 'gorengan']",True,False
2787,mv70xbCP38Y89bsb0wkC,"['penyetan', 'sayur harian', 'teh', 'penyetan']",True,False
2788,mwfhXygsWPa5LthOxHOf,"['mie', 'nasi putih']",True,False
2789,mx75laNWVPmbU2Gsj4GA,"['kopi', 'gorengan', 'pisang coklat keju', 'teh']",False,False
2790,mxDB2zFgmoHrZoecnBlr,"['risol mayo', 'kopi']",True,False
2791,mxtRb4aMZ1XLtBU4R55g,"['kopi', 'mie', 'kopi']",False,False
2792,mzI3ZmUvOLAvxfiDkfif,['sayur harian'],True,True
2793,mzlmo2VVGYTpjJFMo6gd,['mie'],True,False
2794,n1BMdZ9sDfv1TWsYzz7H,"['cireng isi', 'risol mayo']",True,False
2795,n5Ma702boULJDVKX9Qsb,['es jeruk'],True,False
2796,n5wuIQZzhwkPOkn4hGPw,['risol mayo'],True,False
2797,n76ZjRA58LchTyyE1LBP,"['mie', 'cireng isi', 'teh']",False,True
2798,n7WP7YaVSwGNvT6BfB2I,['nasi goreng'],True,False
2799,n7WQ8fJMGBzQsK4SuOru,['es jeruk'],True,False
2800,n84h9K2mBWD0SUUKHB6P,"['mie', 'penyetan', 'risol mayo', 'kopi', 'teh', 'kopi']",True,False
2801,n9PK6fTiHJLb88cRoZRV,['teh'],True,False
2802,nB4XpTDvG2CzniNAa34D,['float'],False,False
2803,nBvVrdOsx2OTH6U2vhgv,"['pisang coklat keju', 'pisang coklat keju']",True,False
2804,nCaVliVFaMN4pptzvBke,"['risol mayo', 'gorengan']",False,False
2805,nEdM1liqYBASj590a5qh,['gorengan'],False,False
2806,nFE8hZOyOIMMABXrCIWa,['pisang coklat keju'],True,True
2807,nGcICZDz3TJ0fDof9J0L,['kopi'],True,False
2808,nHueBySTfBQcwMoII86A,"['risol mayo', 'float']",True,False
2809,nIaJM2Jg8376mpaUHr8m,['sayur harian'],True,False
2810,nJpymJah493wHW133xVk,['gorengan'],True,False
2811,nLA2GqnOxCcdixKuJvcP,['gorengan'],False,False
2812,nMh2TG5PSIyhRGMB3Lq7,"['risol mayo', 'risol mayo', 'pisang coklat keju', 'cireng isi']",True,False
2813,nOj7pgn5hdHSdYOJmFNn,['risol mayo'],True,False
2814,nQLTIqtYUzGBVsCSBDbK,"['gorengan', 'es jeruk']",False,False
2815,nQLYQNZJtNfv4JQgDrQP,"['penyetan', 'teh', 'gorengan']",False,False
2816,nQPQpTnKSwSBuYdXnesI,['cireng isi'],True,False
2817,nRBnwEbISxaiQjUASsp4,"['float', 'es krim']",True,False
2818,nRxKeGSlxgCEfWdDCzQl,"['penyetan', 'teh', 'risol mayo']",True,False
2819,nT8JDFOYPpXdabPaZLZT,"['tahu krispy', 'sosis goreng', 'teh']",False,False
2820,nToMVA9tEpY9Pi1CqkmY,"['risol mayo', 'cireng isi']",True,True
2821,nTofNAfl5xWP17io2YeJ,"['mie', 'nasi putih', 'teh']",False,False
2822,nTwvKgrOgVm0UkzO1ACx,"['penyetan', 'mie']",True,True
2823,nVaTtUni3ApbgbQgb8vy,"['mie', 'nasi putih', 'gorengan']",True,True
2824,nYCMw2r8cjkzJpe729PV,['es jeruk'],True,False
2825,naI4Mxa9FxDkTYDuph2Y,"['risol mayo', 'cireng isi', 'french fries']",False,False
2826,nb5VuzQ3dRElr16dhxrj,"['mie', 'telur']",True,False
2827,nbJdmvjN9OEbZgVums0K,['risol mayo'],True,False
2828,nboJM7zkGZHiv06WQ0XK,"['kopi', 'kopi']",True,False
2829,ndzPHntwYpX5Py3v32Il,"['french fries', 'es krim']",False,False
2830,neCH72hCaN8Fd1UTEZNH,['teh'],True,False
2831,nfWulBhfrRTpmt5Vs0en,"['mie', 'teh']",True,False
2832,ngBhWhagClrKdOoZTRFP,"['teh', 'gorengan']",False,True
2833,nhaT3sdXv1wWIv3t17mU,['float'],False,False
2834,nj9rwsdEzb0gvHZbM3Bo,"['risol mayo', 'gorengan']",True,False
2835,njXGR6A74F25a5EHsQYx,"['risol mayo', 'teh']",True,False
2836,njiXEmdegi4VIzrVzesz,"['risol mayo', 'french fries']",True,False
2837,nllasVfj8v0USENnriXm,"['mie', 'es batu']",True,False
2838,nmHLsucgLAedPO8O9D6O,"['es jeruk', 'penyetan']",True,False
2839,np5X13jzbqhH5zt6esdT,['kopi'],False,True
2840,nqWEjG8zReSpXRsLSwI7,"['kopi', 'gorengan']",True,False
2841,nrPF1l9wGM334c76zfsw,"['penyetan', 'float']",True,False
2842,nrfuPpqtk7nILx6Gmr7F,"['risol mayo', 'teh']",True,False
2843,nsq2faCAtYVANPW27tjq,"['penyetan', 'gorengan', 'gorengan']",True,False
2844,nsqUq4uTGBDzNJz4Enzb,"['cireng isi', 'teh']",True,False
2845,ntjq98moAyQJzhkQ2sE8,"['es jeruk', 'penyetan', 'gorengan']",True,False
2846,nuIxTQ256JElloVzVGpS,"['kopi', 'teh', 'kopi']",False,False
2847,nuOLSmoHahM4cbQ40Wx5,"['sosis goreng', 'french fries', 'kopi', 'penyetan', 'teh', 'cireng isi', 'gorengan', 'penyetan', 'es jeruk']",True,False
2848,nuT0eNLcIJ3U1w9udHrJ,"['nasi goreng', 'cireng isi']",False,False
2849,nuf1R8Nl5dajdNtdgdND,['risol mayo'],True,False
2850,nwDMNk5jWXW1YI2nU05r,['kopi'],True,False
2851,nwlWde94EhQzlETArKmT,"['es jeruk', 'kopi']",True,False
2852,ny3kYww9owLQh4jCfBfU,['es krim'],True,True
2853,o0UHD1K7X6JyoCDSL3N5,['kopi'],True,False
2854,o2ZBv5yRPExL3K4g98Re,['pisang coklat keju'],False,False
2855,o4WN07bzVT6D4GOinOXV,['risol mayo'],True,False
2856,o5qchjWlXt35PmkflgrD,['kopi'],True,False
2857,o5vxwVeq0dpnKlqpusep,"['cireng isi', 'pisang coklat keju']",True,False
2858,o6qze4dJNtxgipfuRAiE,"['es jeruk', 'french fries']",False,False
2859,o8g4OrnRqYelMZ5qCRLh,['kopi'],True,False
2860,o9Sap8TNQvaORlR7ULi5,"['kopi', 'penyetan', 'teh']",True,False
2861,o9THBmdGlkKX6Uc3RYm7,"['es jeruk', 'risol mayo']",True,False
2862,oD2SKRtYMMCqt2eOhqva,['kopi'],True,False
2863,oFv3dhrSwIC6fxSLCqnv,['risol mayo'],True,False
2864,oHZ0sCWAwG8taU0n2C4h,"['teh', 'sosis goreng', 'tahu krispy']",True,False
2865,oIOCRvJOtFSCGIDdZljf,"['sayur harian', 'teh', 'gorengan']",True,False
2866,oIhvY4p5GGJS2XGFBUwU,"['cireng isi', 'risol mayo']",True,False
2867,oImkijmMKd6Om7XalZVl,"['sayur harian', 'es jeruk', 'risol mayo']",True,False
2868,oJlKL64tbgS3vfZ7R8ho,['gorengan'],True,False
2869,oLBVHwODDShgXPXP6YPq,"['penyetan', 'teh']",True,False
2870,oLxDpsOhvRSYKpWFX39v,"['es jeruk', 'cireng isi', 'risol mayo', 'gorengan']",True,False
2871,oMh8tmQecrDa1dEFvcI6,['gorengan'],True,False
2872,oNW7dQpzR3OW2Lxyr13t,['float'],False,False
2873,oODm7mTAt2SVRA6vx2uQ,"['penyetan', 'es jeruk', 'float']",True,False
2874,oPUYwKpVfhkzKdOhXupa,"['nasi goreng', 'teh', 'risol mayo']",True,True
2875,oPuvxgQ1z1HrTpBNpI9o,"['mie', 'nasi putih', 'float', 'gorengan', 'cireng isi', 'mie']",True,False
2876,oQRpKUIUyZUKpeAp8OT3,"['risol mayo', 'cireng isi']",True,False
2877,oTXxel2goKKN3XHjcjNY,"['nasi goreng', 'teh', 'telur', 'gorengan']",True,False
2878,oTn0sJAawfpbd3RFu58G,"['tahu krispy', 'gorengan', 'sosis goreng']",True,False
2879,oVcVpG38AK1yhsbY1MWQ,"['teh', 'sayur harian', 'nasi goreng']",False,False
2880,oWstyoJupiIoXwnTxeNr,['gorengan'],True,False
2881,oWv7mEerSisKV0WsqKyu,"['nasi putih', 'telur', 'nasi goreng', 'teh']",False,False
2882,oXWm7FHe4uQpL5LbkT4e,['float'],True,False
2883,oYXCeRytFYe0nSNTqWux,['french fries'],True,True
2884,obuX4ueOzyiHF6pnnoij,['penyetan'],True,False
2885,ogZbnmEtBm5Z2MUKHkrW,"['nasi goreng', 'es jeruk', 'kopi', 'gorengan']",True,False
2886,ogj7D3tOjBtsg4RGIh96,['air putih'],False,False
2887,oiKfzUptZLaGbOr1Wphu,['float'],True,False
2888,oiSlcBGJf6AosrgOywHp,"['risol mayo', 'teh', 'cireng isi', 'pisang coklat keju']",False,False
2889,okDSNEOvRgSZZVCkctoq,['teh'],True,True
2890,okHFJGV22Sv76pEclZh5,['mie'],False,False
2891,okbtmYZWzE728YWwqljh,"['cireng isi', 'gorengan']",False,False
2892,omXS9dfqbuX2YO04pOYC,['es krim'],True,False
2893,oml46rv0W1QdUnnfGtNt,"['nasi goreng', 'risol mayo', 'teh', 'mie']",False,False
2894,on2DCqbi2nLhCLuTV0yQ,"['penyetan', 'penyetan', 'air putih']",False,False
2895,onXJE4pQIiChiHde7d4n,"['kopi', 'risol mayo']",True,False
2896,oncGx1NJOUmgjKXmKOjW,"['cireng isi', 'float', 'kopi']",False,False
2897,onht35PzPEyposzQQDrI,"['penyetan', 'gorengan']",True,False
2898,op23TvQSrh7oAyCh6v7j,['teh'],False,False
2899,oqNRherzw7fuXjxyiDxE,['teh'],True,True
2900,oqSy1mILkQAU4GBuWqO2,"['nasi goreng', 'telur', 'air putih', 'float', 'cireng isi']",True,False
2901,oqyR65fIWxKouYnxnXDm,['kopi'],False,False
2902,ordrwUBT4K19g5v3FXKs,"['penyetan', 'tahu krispy', 'air putih']",True,False
2903,ormDu8t2MsRq3n0KDHwo,['teh'],False,False
2904,osqPMkwxHZ9X34mlYYfJ,"['mie', 'penyetan', 'air putih', 'gorengan']",True,False
2905,ouFyVtl0PERi17mdGp7m,['teh'],False,False
2906,ovqc9bNPM0nwK79ZVYXK,['es krim'],True,False
2907,owjZYNXM2HC4LaqIWrz7,['penyetan'],True,False
2908,owshmeXmuauqv0thWs5l,['gorengan'],True,False
2909,oxBE77DwrphVymIJZpT8,['gorengan'],True,False
2910,oxCiFX9SwjQ1eXpkBG2e,"['teh', 'gorengan']",True,False
2911,oxmiv0UmlFV2ETJfE96B,"['kopi', 'cireng isi', 'risol mayo']",False,True
2912,oxv41fPgzhGRJxfZZRdJ,"['risol mayo', 'cireng isi', 'sayur harian', 'kopi', 'sosis goreng']",True,False
2913,ozVSWeLyJXRfLjhDs04h,['mie'],False,False
2914,ozYNTM3TUqZ6qAqsFK0U,"['penyetan', 'kopi']",True,False
2915,p04c0IIgXb014j08ZGND,['risol mayo'],True,False
2916,p2Jon4cr8UEsDLXoho2S,"['sayur harian', 'es jeruk', 'gorengan']",True,False
2917,p3xA6It8P7opToLIfGYb,"['gorengan', 'cireng isi']",True,False
2918,p4ILhg35UaiCPSKqNtrW,['tahu krispy'],True,False
2919,p5cWPCfQlO8HfHLMqBvn,['float'],True,False
2920,p7SpBi7ceX4CGdlGUJk0,"['sayur harian', 'teh', 'risol mayo']",True,False
2921,p9BsaXHuINZpG7zXDFmy,"['gorengan', 'french fries', 'mie', 'air putih']",True,False
2922,p9REtns0fKS3ORH74BXF,['gorengan'],False,False
2923,p9uUxwr65R2qi6vF5m1v,['gorengan'],True,False
2924,pBiJAiXC4urrpSe6oQdK,['float'],True,False
2925,pCH8oQ2K4gs0KZbK2DX5,['air putih'],True,False
2926,pDgasL5LqdEh4DCKnVRH,"['kopi', 'penyetan', 'pisang coklat keju', 'gorengan']",True,False
2927,pDn16dsvx6ey4X35meUF,"['sayur harian', 'teh', 'tahu krispy', 'sosis goreng']",True,False
2928,pEk4r5DmUTL0kA5YRrWh,"['teh', 'kopi', 'air putih', 'kopi']",True,False
2929,pFpBamcPkOQxC9xIfpZc,['mie'],True,False
2930,pFwTVtpNn6QUftzgIiMw,['cireng isi'],True,False
2931,pHOt5AE0bYIxlAJGSuUL,"['penyetan', 'teh', 'kopi', 'kopi']",False,True
2932,pHSHdQNzpc5lg5ctucrf,"['telur', 'sayur harian']",True,False
2933,pI8CWW4m5EBpFm0L4R7D,['teh'],True,False
2934,pI9BD3flXKyG91nQwxbA,['pisang coklat keju'],False,False
2935,pJ6mLvwbZwwq9M7RgFnY,['sosis goreng'],True,True
2936,pNEQZ4wYK7GfEGkoxcIx,['sosis goreng'],False,False
2937,pNSE7Tff1b1aDDAAIQio,['kopi'],True,False
2938,pP3LPwDca2Ditt07UO59,"['risol mayo', 'cireng isi']",True,False
2939,pPgFOUCSRz76s83mAKxL,"['teh', 'es jeruk']",True,True
2940,pQdw8xNAddEgl8zA0YGi,['gorengan'],True,False
2941,pQgeIyQ75o7RriyP2kya,['gorengan'],False,True
2942,pS6CefUb1YPMufo9SHq9,['risol mayo'],True,False
2943,pTcGBWSaj9nLANdbcHCs,"['gorengan', 'risol mayo']",True,False
2944,pW4JPM9OM9dNdLnlWwtS,['sayur harian'],True,False
2945,pX9qDmtlxdEeRJpweDIE,"['penyetan', 'kopi']",True,False
2946,pZgA72u8FeuZ52MMHMcm,"['sayur harian', 'teh']",True,False
2947,pZtFinMbQDHneGME1R1d,['sayur harian'],False,False
2948,paHi6reWGMnHVNg1kSX0,"['mie', 'gorengan']",True,False
2949,pbeA4KluHeX5Oj6q0Rjj,"['pisang coklat keju', 'cireng isi', 'es jeruk']",False,False
2950,pcnzTuMpwbFGd9E5ncGW,"['penyetan', 'risol mayo']",True,False
2951,pdMcSEHdP4QWxKLnqpok,"['gorengan', 'risol mayo', 'float', 'pisang coklat keju', 'float']",False,False
2952,peuYWpm3LySlk1ugHXDk,['cireng isi'],True,False
2953,pfIVv1AViV9bsJpamCzK,"['mie', 'risol mayo', 'teh']",False,False
2954,phxaW4G5qAGsmbnad8f1,"['teh', 'tahu krispy']",True,False
2955,piiwCnkF3Dt0SbTldg4d,['kopi'],False,False
2956,pjChSpNFjlA57nPeTjS8,['float'],False,False
2957,pjaFb2nh88tFqHCrtnQV,"['penyetan', 'gorengan', 'teh']",True,False
2958,pkRVcf2rsxfiLYgALbuk,"['es jeruk', 'float']",True,False
2959,pnzCP8NTWwF4cSEJqvC3,"['risol mayo', 'kopi']",True,False
2960,po3iufpcG6HAFUOt0mrX,['risol mayo'],True,False
2961,pofrIkXNPz7ZwFTA6fvp,['cireng isi'],True,False
2962,pqS86AtbXEwktPJrdnYv,"['mie', 'es jeruk']",True,False
2963,ptc88zSFzZ0vh1KcNAVs,"['kopi', 'telur', 'nasi putih']",True,False
2964,pw400YQvP5PI7HX2Pg1R,['sayur harian'],True,False
2965,pxB3qGKWEZqm8D6UePcF,['teh'],True,True
2966,pxPf95bAvDFSjTnB1kbw,['es krim'],True,False
2967,pxns15iQqh94CUtlas7Z,"['penyetan', 'sayur harian', 'mie', 'risol mayo', 'teh']",False,False
2968,pyA5qRZmcCMGb6Qerh7g,"['penyetan', 'air putih']",False,True
2969,q0mbrLCOqSHxYUF7hBQ3,"['gorengan', 'risol mayo']",True,False
2970,q2DU4t7owgMYhqhHkMQo,['teh'],True,False
2971,q2XBTp0qpIraKVI1fR7Z,"['kopi', 'risol mayo', 'cireng isi']",True,False
2972,q3fruhs1ZJC2zuctRBzM,"['mie', 'teh', 'cireng isi']",True,True
2973,q3qYK1LaH4MeByaBdrEA,"['mie', 'teh', 'risol mayo']",True,False
2974,q4R1YzQEVlpwUcZaezUD,['float'],True,False
2975,q4YKOikSzxmbffKphrS3,"['teh', 'kopi', 'cireng isi']",True,True
2976,q5QjpIwuy6iUa0bIowXG,"['mie', 'penyetan', 'teh', 'risol mayo']",True,False
2977,q5eiljBSpaRAH1QzTkEU,"['risol mayo', 'gorengan']",True,False
2978,q8O8ziBFCfWeB12BkAYs,"['penyetan', 'es jeruk']",False,False
2979,q9vW80im3JN7lI0nOM8J,"['sayur harian', 'float']",True,False
2980,qAd5tZeC6lDksUOi2vCE,"['risol mayo', 'penyetan', 'es jeruk']",True,False
2981,qBM02XPQFJsjEXVfIlHI,['kopi'],True,False
2982,qBh856Z4OprlcVd1CaHC,['es jeruk'],False,False
2983,qCLYgIGkv76TQF7RKQyL,"['mie', 'cireng isi', 'teh']",False,True
2984,qEHrMhNDlunAenHrVPzy,"['kopi', 'kopi', 'gorengan']",True,False
2985,qGxw4UXwEFUsdO2fwy7m,"['mie', 'french fries', 'gorengan']",True,False
2986,qIrPQDOM1ikWBpGBrOhd,"['sayur harian', 'teh', 'tahu krispy']",True,False
2987,qJj8PxEJLwlvJMgKv38o,"['mie', 'gorengan', 'risol mayo']",True,False
2988,qMARB58m8QIitOPErUwH,['gorengan'],True,False
2989,qMwq1FKYkmLV7BdTrW8i,['float'],True,False
2990,qMzVF4nMNygadIOWGASA,"['nasi putih', 'telur']",True,True
2991,qN99oEP3kmT15M5t62RN,"['mie', 'kopi', 'teh', 'tahu krispy']",True,False
2992,qQgulDA1f6XPv70Mt5vp,['tahu krispy'],True,False
2993,qRgDNnZFryEUgv3f9Q3I,"['kopi', 'tahu krispy', 'gorengan']",True,False
2994,qSHhmabrdIppzxSqdUZK,['penyetan'],True,False
2995,qUW3aQVvFjWErb7ZdJYV,"['mie', 'nasi putih', 'mie', 'float', 'risol mayo']",True,False
2996,qUfdcYYOP85oZ4GQI2a3,"['risol mayo', 'french fries', 'air putih', 'es batu', 'mie']",True,False
2997,qUxs3Qm6uNAxOfqkFa6y,['risol mayo'],True,False
2998,qVvPeX61niYKd5meoaHD,"['sayur harian', 'teh']",True,False
2999,qWQhOlp2difU3HEMlIET,['teh'],False,True
3000,qX43G2Y653Di4SZ8zPcY,['sosis goreng'],False,False
3001,qXXUSYa4AbfWshV3k5ye,"['mie', 'risol mayo', 'pisang coklat keju']",True,False
3002,qXchG2myYopXXKTnamCL,"['kopi', 'mie', 'teh']",True,False
3003,qZiVU3qFcNpObTZcGD7W,['gorengan'],True,False
3004,qbytOaS5e908tyzkZeNM,"['penyetan', 'teh']",True,False
3005,qePP6bLuDJMBoqt1UUUu,['float'],True,True
3006,qgU6oIN8NOMMqroourfi,['gorengan'],False,False
3007,qgp6JfDP3hnqTcVwAyP6,"['mie', 'penyetan', 'es jeruk']",True,False
3008,qj3XJUr1xkCm95oYNkGy,"['penyetan', 'teh']",False,False
3009,qjA5VgNFLX7uQwCdd2IG,['mie'],False,True
3010,qjeDMKEEUo8JriiGAv4O,['teh'],True,False
3011,qkjPIwHfYWOLLnpPz9qV,['kopi'],True,False
3012,qknYA8nzXerQREq3F46c,"['teh', 'penyetan', 'risol mayo']",True,False
3013,ql28j3P7crXODOqH7EtH,"['mie', 'float']",True,False
3014,qoU2CTYEnvsHT56ebsTI,"['sayur harian', 'es jeruk']",True,False
3015,qqQ2qmdui3x4OGtpbMZX,"['mie', 'teh']",False,False
3016,qtLWQEcpihNzZLjFMj2C,"['penyetan', 'penyetan', 'cireng isi', 'risol mayo', 'es jeruk']",True,False
3017,quklhLFU0nPYH9EslnF6,['kopi'],True,False
3018,quuQPbAH1MrusdoeitQT,"['teh', 'tahu krispy']",True,False
3019,qyfh3lFgoWfMP323gDun,['risol mayo'],False,False
3020,qzpZTTZBfPYKoRQIcUsP,"['penyetan', 'mie', 'gorengan', 'kopi']",True,False
3021,r0cOsHyHpuNHY2HH6qKp,"['penyetan', 'tahu krispy']",True,False
3022,r2O48ZSSplUwFMZK4InG,['gorengan'],True,False
3023,r2mcXTzHjtGzwZyL0cgs,['kopi'],False,False
3024,r31y9ujO2Q7shTPDglZl,"['nasi goreng', 'teh']",True,False
3025,r9Ncz4MqWM5s30u1uHPG,['es jeruk'],True,False
3026,rBq3twg0HtVLwRX1eyT4,['risol mayo'],False,False
3027,rCxXdCapkzfn8ml6zwiA,"['mie', 'risol mayo', 'gorengan', 'es jeruk']",False,False
3028,rDO9W6mc5tr0Wt7o77ut,"['teh', 'kopi']",True,False
3029,rGGlIWLVZxZmoB2lI45g,['french fries'],True,True
3030,rIYo6r9aduzNaFB29W7V,['penyetan'],False,False
3031,rJcRyplQmQCJgOT9pBcw,"['mie', 'teh']",False,False
3032,rKS1LoCtgcFRnNzLMmJg,['kopi'],False,False
3033,rKfMhbWlaA5xe8IoqMbO,"['air putih', 'kopi', 'kopi', 'gorengan', 'risol mayo']",True,False
3034,rL24HqhBI8C2cReylLgl,"['float', 'float']",True,False
3035,rON9vAIayWa0kIULAUG7,['teh'],False,False
3036,rPkPRvLBqk8le1JcWROz,"['penyetan', 'penyetan', 'gorengan', 'air putih']",True,False
3037,rPp6z4vqkrzKgDoUYk9c,['gorengan'],True,False
3038,rQ5lMSddAviRCgSU9cjH,['float'],True,False
3039,rRJiUcPjPHRL6aBfdOTL,['cireng isi'],True,False
3040,rSBkp2MhxSnbOKeMlrTw,['mie'],True,False
3041,rXEdVHnjxOsZvOxOFIf2,"['sayur harian', 'kopi']",True,False
3042,rXTVRmusKIjO8GHOyNiw,"['penyetan', 'teh', 'es jeruk', 'sayur harian']",True,True
3043,rXe2IiH8JIaNeTgQ7C72,"['es jeruk', 'cireng isi', 'risol mayo']",True,False
3044,rY2DqQAcKcikvfmTfXls,"['teh', 'cireng isi', 'gorengan']",False,False
3045,rY8Jy4XtBL9FkNyOZdYX,"['nasi putih', 'gorengan']",False,True
3046,rZXX7UtjpQadVtEeLimv,['cireng isi'],True,False
3047,rbsPGdDR03Uz8YcdylQ9,"['nasi goreng', 'teh']",True,True
3048,regwTUHfwvFRbNpzXTM7,"['mie', 'risol mayo']",True,False
3049,restyXZ5F9ocY8hw82q0,"['sayur harian', 'gorengan']",True,False
3050,rfAYGO78OKfoopYwzcEu,"['penyetan', 'teh']",False,False
3051,rfgJXrMPbSBFWwu0BTcJ,['float'],True,False
3052,rgBzTXxdCOHlPiWuJvs2,"['teh', 'gorengan']",False,False
3053,rgNNKShxW3wjMhYmov4J,"['teh', 'risol mayo', 'penyetan', 'mie']",True,False
3054,rhKFtHQSji2NjFzO9J7g,"['penyetan', 'air putih', 'gorengan']",True,False
3055,ri5I6coZB1Y29AOIkTKN,"['sayur harian', 'cireng isi']",True,False
3056,rjoujr1MUxZd9QQanqo3,"['cireng isi', 'pisang coklat keju']",True,False
3057,rljqKfsXE4BSMfDcDkvr,"['risol mayo', 'gorengan']",True,False
3058,rm2hRArlSpt5Vn45vQhl,"['mie', 'teh']",False,False
3059,rn2TYjlwRNPcfG6DVzif,"['nasi goreng', 'teh', 'risol mayo']",True,False
3060,rnOcLPntvpTipn9qdgfu,['kopi'],True,False
3061,roPalmZzg01lR5g2MT61,"['penyetan', 'teh', 'cireng isi']",False,False
3062,rqBWZ8nALn8dZ4jBWwFf,"['cireng isi', 'gorengan']",True,False
3063,rqOEMiwRlPTGvqPTQISU,"['penyetan', 'teh']",True,False
3064,rr3u1R4EJQhU9ZlaF0mg,['risol mayo'],False,False
3065,rrEu2HljrUnzOqIVabvG,"['sayur harian', 'penyetan', 'es jeruk', 'teh', 'teh']",True,False
3066,rsIJDBiHxk0imaLPQFDK,['kopi'],True,False
3067,rsPoAoU2U6W0ccYUvMRb,"['float', 'gorengan', 'cireng isi']",True,False
3068,rsjilZD2S9Mq9YvzcgFq,"['nasi goreng', 'gorengan']",True,False
3069,ru05ZicZ39CfTtAxhyvH,['mie'],False,True
3070,ruFHVbMCxS3or6llzWE3,"['risol mayo', 'gorengan']",False,False
3071,rvHbZPM5keCtWxHiT0hS,['mie'],True,True
3072,rvT1cRRx60BISBjd5SMr,"['teh', 'gorengan']",True,False
3073,s1LgBLaR8jTkHOG50Pib,"['sayur harian', 'air putih', 'cireng isi']",True,False
3074,s2lHgaWTIKvEPm2txL7e,['sosis goreng'],True,True
3075,s2mBuwp7GPXMyMmaGTLc,['cireng isi'],True,False
3076,s4TXeBBJNIvkFykh6hhx,"['sayur harian', 'kopi']",True,False
3077,s8PufjUzGRAQOGuSTbgO,"['gorengan', 'cireng isi']",True,False
3078,s8dXAjvvj9K1niTk9Pdx,['es krim'],False,False
3079,sF8pPbWd98ke5PnLD1Pt,"['risol mayo', 'gorengan']",True,False
3080,sFsbuxvV6i3XROP7pcy6,['kopi'],False,False
3081,sG8Eilo60UNaSbiHNuWa,['float'],True,False
3082,sGUX3nnF9k31CyvPfxv2,['risol mayo'],True,False
3083,sH6vgcTJRbRmqEfEZz92,['risol mayo'],True,False
3084,sIMtO4owRMjliP9AQi5G,"['teh', 'pisang coklat keju']",True,True
3085,sJqaL50POuTZpW9OV5vT,"['es jeruk', 'kopi']",True,False
3086,sKkyuwIsSRQoojCjCqwc,"['float', 'air putih', 'kopi']",True,False
3087,sLIUbUTa3W3mNCxBb6tj,['mie'],False,False
3088,sLxTO2dIfAZAQ1bKnzcn,['penyetan'],True,False
3089,sQ5gpFvvHbEIf6POOqu3,"['french fries', 'kopi', 'pisang coklat keju']",True,False
3090,sR2Um26Dz4dABY42SeKO,"['risol mayo', 'cireng isi']",True,False
3091,sSbEe4RAoctqUJAzGmJX,['tahu krispy'],True,False
3092,sSetSRWpjQZGFTGVFk7h,"['french fries', 'risol mayo']",True,False
3093,sSxArA1gCsAZTXWtBU2n,"['penyetan', 'kopi']",True,True
3094,sTBV8rR8kClmfLEkxEtA,"['penyetan', 'teh']",True,False
3095,sV8OkVJ84ynh22zXrASM,"['mie', 'mie', 'nasi putih', 'gorengan']",True,False
3096,sWyiyjKIDNey5OSeCESn,['nasi goreng'],False,False
3097,sX8oSRJoMFCJLuxCLSYe,['gorengan'],True,False
3098,sXzJ4P6pqtozboEmVQG8,"['penyetan', 'float']",True,False
3099,sYb0RkYYcoSOyeF1mrGq,['cireng isi'],True,True
3100,sYdVPr7vHvVaMHh40AJ1,['penyetan'],True,True
3101,sYiNTtKolKpUQVCDJfgk,['tahu krispy'],True,False
3102,saHsZj60RuSwhztAqJEG,"['risol mayo', 'teh']",False,False
3103,saWj4D28ppxc5ZxfEcA2,"['cireng isi', 'teh']",True,True
3104,saY1ySgaozoYAg0G6Jfc,"['cireng isi', 'es jeruk', 'pisang coklat keju']",False,False
3105,sbZXbeP5GcxJRi2AMLit,"['penyetan', 'float']",True,False
3106,sbzsHXF6AcaFHrdzX3fO,"['nasi goreng', 'kopi']",True,False
3107,scGL1JbWEOMgsRwGRdtC,['gorengan'],False,False
3108,sfy6fj9rEZd9if6QSNnV,"['sayur harian', 'teh']",False,False
3109,siHJb5ab6rMBd08EzJku,"['sosis goreng', 'es batu']",True,False
3110,siUz1PXHMpGRbIIQfsJk,['teh'],True,False
3111,sjie4vormW7FA5X6p0Kv,"['cireng isi', 'gorengan', 'pisang coklat keju', 'air putih']",True,False
3112,sksFeW3DjVYIfdqFa40d,['es krim'],False,False
3113,snMPwXvXdpSYXjO2iBLl,"['risol mayo', 'pisang coklat keju']",True,False
3114,snOZb7VoyRzbzYLlAkLL,['es krim'],True,False
3115,socZP3emyg0UyieRW3Ru,"['penyetan', 'teh', 'sosis goreng']",True,False
3116,sozdoaAALFqAhafNBenL,['cireng isi'],True,False
3117,srZJ8TPBDxMdsNWyEpRc,"['penyetan', 'gorengan', 'pisang coklat keju']",True,True
3118,ss12JEZ0RmAX6i3UMtdb,"['kopi', 'air putih']",True,True
3119,ssSkrL3Pfn20QUc5NB41,"['sayur harian', 'penyetan']",True,False
3120,stGoEF6kxzF6NbVRqmBf,"['nasi goreng', 'teh']",False,False
3121,stHy4PmW7BPucDp8EgKs,['penyetan'],False,False
3122,swD0YPYRCNcWeYc02c4d,"['mie', 'float']",True,False
3123,swl3dTU5td7SMVZl3fXB,"['risol mayo', 'gorengan', 'sosis goreng']",True,False
3124,sx0a4m2ONty3djiXKmnU,['kopi'],True,False
3125,sy7fQV7WnBH0LSvNTUjD,"['nasi goreng', 'teh']",True,False
3126,syZCVcPHCf8pNRPW0SB5,"['float', 'mie', 'teh']",True,False
3127,sypb1sesETVlWTM6cxO2,"['kopi', 'gorengan']",False,False
3128,t2g5lLwWPUifQtJUuVOF,"['mie', 'nasi putih']",True,False
3129,t2rJb6LziwnFz2KvhjDz,"['mie', 'nasi putih', 'gorengan']",False,False
3130,t3fsvxEKzK9JetiZyaXL,"['mie', 'gorengan']",False,False
3131,t4h1KIjSflo7juu0oXiP,['risol mayo'],True,False
3132,t6Bp3aIdzutIUKB68YnT,['cireng isi'],True,False
3133,t6piDoTh8WPhFXU1ZZRt,['risol mayo'],True,False
3134,t7u6cf1QeD5TW35JFHfH,"['penyetan', 'teh', 'teh', 'gorengan']",True,False
3135,t8AIi9Z8bajAl1rCaRON,"['risol mayo', 'teh']",True,False
3136,tBaBGW6GKOGUfpnPQIE4,['risol mayo'],True,False
3137,tE5Cwg5lsKMZMppYLhvU,['nasi goreng'],True,False
3138,tEU29SoPiUmFjdTQzQqu,['mie'],True,False
3139,tFPLVtxFUrlT5IRrONCE,"['pisang coklat keju', 'risol mayo']",False,False
3140,tJvcwx5nwtkCgWqjrzTo,['risol mayo'],False,False
3141,tL7AySYDUbNaqG5jKRX0,"['gorengan', 'es jeruk']",False,False
3142,tLsNNQuTIS5JsngJSia3,"['risol mayo', 'french fries']",True,False
3143,tN9m5QzNE7GMjL60maSm,['gorengan'],True,False
3144,tRBVPUZ6IIrUBECc3nFh,"['cireng isi', 'teh']",True,True
3145,tRNuzGhuGrcqb8vG6k0Z,"['cireng isi', 'gorengan']",True,False
3146,tRloEUWutRcgHamciW9T,"['kopi', 'teh']",True,False
3147,tSj6zdoDe050QqqcbZna,"['sayur harian', 'kopi', 'gorengan', 'risol mayo']",False,False
3148,tU8ywSZe8HxZM9VekSrO,"['teh', 'sayur harian', 'es jeruk', 'tahu krispy']",False,False
3149,tUbyTtf533hGMdAcQdqE,"['mie', 'gorengan']",True,False
3150,tUkPmdVajNgK4M6QnGz2,"['nasi goreng', 'telur', 'teh']",False,False
3151,tVCnmp933d5KLAkSOhdN,['es jeruk'],True,False
3152,tYSfj7Swbn9Ziu68J8Fp,"['penyetan', 'kopi']",True,False
3153,tZs1Op2L6S7Em2vzGVCc,"['cireng isi', 'risol mayo']",True,False
3154,tbtpZQGG5p0hMQyI8GVU,['air putih'],False,False
3155,td7Rga3EA8wXBdFHLFrA,['air putih'],True,False
3156,tezIpb0QV3aYHZUVuEY4,['teh'],True,False
3157,tgW35himv661CRtPB94w,"['teh', 'kopi', 'es jeruk', 'french fries', 'tahu krispy']",True,False
3158,tiX2iKeATZGiMyeF9QAO,['mie'],False,False
3159,tjzAhpfLbgHPxYSbSxPT,['teh'],True,False
3160,tkVLu348233zyyiwYDld,['mie'],True,True
3161,tlfkiW3eSG7PNRClAHtf,['kopi'],True,True
3162,tli4rlHyf4yBymJLRF4J,"['teh', 'es jeruk', 'gorengan']",True,False
3163,tmULu5y02Fa01A2DPy0u,['risol mayo'],True,False
3164,tnDRN5zOk1XA48HNtCbA,['mie'],True,False
3165,toAw1sq2sQtJl0EI7sNU,['nasi goreng'],True,False
3166,tocbGqdequixQc0VNCOI,"['pisang coklat keju', 'pisang coklat keju']",False,False
3167,tp711nmiUqIQ5P1KuwWF,"['mie', 'kopi', 'tahu krispy']",True,False
3168,tpYLltad28GlMrH5WSYt,['gorengan'],True,False
3169,ts5I0C8kEOd5FgJxtARb,"['risol mayo', 'gorengan']",True,False
3170,tsjLxlyZdELUMDk351hq,['mie'],False,False
3171,tt7uutONdWkpkgX8zYdL,"['kopi', 'cireng isi', 'risol mayo']",True,False
3172,ttHV1GSsrzJKXxoDO9bK,['es jeruk'],True,False
3173,tujkJLA1P1uMdeqLjPCX,['teh'],True,False
3174,turamJppZT0IMIwOYuR4,"['risol mayo', 'gorengan']",True,False
3175,tuvevxlnpe6A3TikDxWb,"['penyetan', 'teh']",True,False
3176,tuw5IPRhKA2415jh7u0Q,"['penyetan', 'penyetan', 'teh']",True,False
3177,tvsG73byITOA7MIly5md,"['gorengan', 'risol mayo']",True,False
3178,tw1I057DC0lpRGNRoWfF,"['sayur harian', 'es jeruk']",True,False
3179,twAVQcpKQqL50bvMSrbu,['cireng isi'],False,False
3180,twAyMcdppDeooCkMeugV,"['mie', 'nasi putih', 'penyetan', 'nasi goreng', 'penyetan', 'gorengan', 'french fries']",False,True
3181,tx7NpBKO8cZAdhIiFxc8,"['mie', 'cireng isi', 'penyetan']",True,False
3182,tz0v4e9Q8tQa8UXzvRl3,"['teh', 'es jeruk', 'risol mayo', 'gorengan']",True,False
3183,u09i0Eo3YXly38U6qX1J,['es jeruk'],True,False
3184,u0nQtcMiuCIriRGvOLmy,['teh'],True,False
3185,u1eDELQeqshK2uJkFBuC,['float'],True,False
3186,u2vW9YQ0ncnCAoNqCnLH,"['penyetan', 'teh']",True,False
3187,u3huvC81dfHh6btRA64a,['sosis goreng'],True,False
3188,u6AfdE5wQPOv1z6Mfr5C,['pisang coklat keju'],True,False
3189,u6rjhrfMObxDu2sWhM8l,['mie'],True,False
3190,u7itvKeq1AFaQ1JHkeFc,['penyetan'],True,False
3191,u9SWOa9cytfQXcyuoKa9,"['sayur harian', 'teh', 'penyetan', 'gorengan', 'teh']",True,False
3192,uDhm8vjI8CC6aMZv7Esd,['penyetan'],True,False
3193,uFzJCenpxohTJsi37f9C,['es jeruk'],True,False
3194,uGnpsaO59YmMgvcwXFh8,"['french fries', 'float']",True,False
3195,uHgLKpwqZ3IHlGNyaQAF,"['nasi goreng', 'kopi']",True,False
3196,uIeuWakaP8RgIooGDm2e,['risol mayo'],False,False
3197,uIhOAt2MaRb24NMxgzG7,"['cireng isi', 'tahu krispy']",True,False
3198,uKnN9SexiIhMz5KwUhsV,['pisang coklat keju'],True,False
3199,uL2dEKFrrMnufn3y03w6,['french fries'],True,False
3200,uLCGStjOvRYfF912dDMF,"['penyetan', 'kopi']",False,False
3201,uNCaoXvzxsxo6to9q3Bx,"['risol mayo', 'risol mayo', 'kopi']",True,False
3202,uRVFQZHcV4mpNdsZwN25,"['es jeruk', 'es jeruk']",False,False
3203,uSD8XZKXZy5vWzKh37xv,"['sayur harian', 'teh', 'gorengan']",False,False
3204,uSUpQrqgYmdbvAU4kMqS,"['nasi goreng', 'sayur harian', 'es jeruk', 'teh']",True,False
3205,uTlL1kvfYHS3REdSkFrx,"['sayur harian', 'gorengan']",True,False
3206,uU0NnFQKsmQ99aivlk1C,['es jeruk'],True,False
3207,uVDZkxhTchLSBeO3QNeJ,['es krim'],True,False
3208,uVR6AFRclk2YvjFxSpG9,"['mie', 'float']",True,False
3209,uXJSep3LoxS4qKyO1F5Z,"['penyetan', 'teh']",True,False
3210,uc0vxCmDqaZNy3QEv4yT,"['sosis goreng', 'teh', 'air putih']",False,False
3211,udeEViCRPqOphFlJxkCt,"['mie', 'teh']",True,False
3212,ue9mMBo5Jf2250yjO8lF,"['sayur harian', 'gorengan']",True,False
3213,uf1VX3p9oAIt8UvFUJBe,"['kopi', 'air putih']",False,True
3214,ufufU0jCoCKN2BzxMIGH,"['mie', 'risol mayo']",False,False
3215,uhDf3NEUkKUpMlVGTvJp,['gorengan'],True,False
3216,uhYjdIqk2er8gmNeUbxG,"['mie', 'mie', 'cireng isi', 'risol mayo']",True,False
3217,uhasQTOyU569X8QmXwjr,"['penyetan', 'penyetan', 'penyetan', 'penyetan', 'sosis goreng', 'es jeruk', 'teh']",False,False
3218,uikZJC7nfiqj8udJXGQE,"['sayur harian', 'sayur harian', 'gorengan', 'cireng isi', 'teh']",True,False
3219,ulBbNcK5K8mVeqBNE9Ky,['gorengan'],True,False
3220,ulOr2AReYIPGjUYsRPJB,"['nasi goreng', 'gorengan']",True,False
3221,uoFu6esFES7Kua65AwWW,"['penyetan', 'penyetan', 'mie', 'teh', 'gorengan', 'pisang coklat keju']",False,False
3222,upyYMC3YB1S96lPqPmQR,['kopi'],True,False
3223,uqhokcpZGZJksGNorOS9,"['nasi goreng', 'gorengan', 'air putih']",True,False
3224,urX0p499ySnJz4hssRDY,"['kopi', 'cireng isi']",False,False
3225,urv1KlG8YN1VC7Bd0WDV,"['sayur harian', 'kopi']",False,False
3226,us42vkKDvJlNjATu4ZxR,"['gorengan', 'risol mayo']",True,False
3227,ut5X8E3o7Iu8ABBWYdBC,"['nasi goreng', 'teh']",False,False
3228,utBxdoXhR2jq1wYOUwZ5,"['risol mayo', 'es batu']",True,True
3229,uu3S8GbyWA4mXcKzfhmd,"['mie', 'kopi']",True,False
3230,uvLv2i3NMZ1AlellfFzL,['risol mayo'],True,False
3231,uw38FWU9AVdWe2zp6y6J,"['mie', 'mie', 'teh']",False,False
3232,uw7Z300WVsoHvn9CN4fJ,"['mie', 'teh']",False,False
3233,uwSJ66HUgpM0220fnYaR,"['nasi goreng', 'gorengan']",False,False
3234,uxG8VXTqJVIMeCZ0wFAD,['float'],True,False
3235,uyMaCQ0I8enJ297mo6uN,"['sayur harian', 'teh']",True,False
3236,uyN9SSGfV1LeleRIt1E2,"['penyetan', 'gorengan', 'es jeruk', 'teh']",True,False
3237,v0EONusXPcYAqOCmUFAc,"['es jeruk', 'float', 'cireng isi']",True,False
3238,v0H6CITXNHhz999OhV2i,"['cireng isi', 'gorengan']",True,True
3239,v14fDcjK7WICI1rv1jUz,['teh'],True,False
3240,v3JFAPWUrBholuCi2FJc,"['french fries', 'float', 'kopi']",True,False
3241,v3NzmwOlokEQZCSs7rX2,"['tahu krispy', 'penyetan', 'penyetan', 'gorengan']",True,False
3242,v5bGoUSBczuQvPh8pnVM,['risol mayo'],True,False
3243,v75plL592ydHKy8zrQjb,['mie'],True,False
3244,vAt8KAAdHFz7ZuDmza4u,['mie'],True,False
3245,vBAfP1A3ytGEVBaB2nD7,['gorengan'],True,False
3246,vBUygUUDFgfkRpxWVGCq,"['mie', 'nasi putih', 'teh']",True,True
3247,vCz9FAGTWaXLe7h2X9UZ,['sayur harian'],True,False
3248,vDoRMaSc7C5mUSlHw1Yu,"['gorengan', 'mie', 'teh']",False,False
3249,vDpJ5ObzaIDIR1iPgDDe,['es jeruk'],True,False
3250,vEbWRwSs9UzSeZVxW9fq,"['sayur harian', 'kopi']",True,False
3251,vF9eyF9dHp3bFaMFaZj8,['nasi goreng'],True,True
3252,vFNoQC5LXVKviCPjyF4b,"['tahu krispy', 'french fries', 'es jeruk', 'kopi']",False,False
3253,vFa9KVlJospvYO0hOEWX,['gorengan'],True,False
3254,vFhCg3QyBFWbxoNhoDLQ,['risol mayo'],True,False
3255,vFqJhwr8B0duZswXF05s,"['es jeruk', 'gorengan']",True,True
3256,vIzoOFyNV2VYXXoqwWu2,"['nasi goreng', 'tahu krispy', 'mie']",True,False
3257,vJWC62fNKpVwCz9Aacui,"['cireng isi', 'risol mayo', 'gorengan']",True,False
3258,vJpbuTjaV8X74oSK1pqn,"['kopi', 'kopi']",False,False
3259,vKiUUhi7A6uRGYR1ZW1a,['sosis goreng'],True,False
3260,vMOopprFbL694ZTVDkqX,['kopi'],True,False
3261,vN7tZZQF0M1l5FQ8Fr8R,['float'],True,False
3262,vO5ES0ANISNIsIHZcI5U,"['penyetan', 'teh']",False,False
3263,vR0LLBkiQdlUOBBwWD8E,['gorengan'],False,False
3264,vSWmMxxHw1Xg3XIxNOwL,"['nasi goreng', 'gorengan']",True,False
3265,vSnNZohYIxhVsaAhKl3D,"['sayur harian', 'air putih', 'teh', 'telur']",False,False
3266,vU1UzRZxByz1B4f4kOPr,['es jeruk'],True,False
3267,vUKMgYzD0ipHnGZgdkov,['risol mayo'],True,False
3268,vUmvoif1Kg2RD6dokt6U,"['air putih', 'cireng isi']",True,False
3269,vW303vhfJA8o9C73vaSF,"['cireng isi', 'risol mayo']",True,False
3270,vYdtLLBbMMRCDTsqbb7B,['nasi putih'],False,False
3271,vcmXWgtSZJriHfrdsqQB,"['nasi goreng', 'cireng isi']",True,False
3272,vctknZp6CXvTpum1bzI5,"['nasi goreng', 'telur', 'gorengan']",True,False
3273,vddZXBhs0wfMn8Q6CjcN,['air putih'],False,False
3274,vep4u0zb9zP1Si3RO4wM,['kopi'],True,False
3275,vglB9ypi5441Cg6SyckS,"['mie', 'cireng isi']",True,False
3276,vgv50sC039hjhCPf36jz,"['penyetan', 'kopi']",False,False
3277,viLGRLrT8g6MNf70i400,"['cireng isi', 'gorengan']",True,False
3278,vj7uLc6Rs2NBcueZOF8u,"['sayur harian', 'teh', 'kopi', 'penyetan', 'risol mayo']",True,False
3279,vl2W7XzHAjJajiFnGvZp,"['nasi putih', 'sayur harian', 'telur', 'tahu krispy', 'teh']",True,False
3280,vlpaB4Ma057GiYuJsPH0,"['penyetan', 'penyetan', 'gorengan']",True,False
3281,vtqXuO8v5mCxXex1LBLO,"['mie', 'gorengan']",False,False
3282,vuFTYUXninqV92KpbLhV,"['mie', 'teh', 'cireng isi']",True,False
3283,vv76QfHAiVgxaEByIw5y,['risol mayo'],True,False
3284,vy1u4OE40W6BG9bKIETq,"['risol mayo', 'gorengan']",True,False
3285,vyGIKU6jcK8APX0vrLi3,"['risol mayo', 'es jeruk']",True,False
3286,vyaBEzw5KCcyCynx4Z3j,"['penyetan', 'teh']",False,True
3287,w08R0e4SxZw1OSa89n9R,['es krim'],True,False
3288,w0erZUJ2OkwlFtu8gPEi,"['mie', 'teh', 'mie']",True,False
3289,w2m6ifbu2r6aNI5TAjLO,['kopi'],True,True
3290,w33euYo6KLV8ay5uh1EY,"['tahu krispy', 'penyetan', 'mie', 'teh', 'nasi putih']",True,True
3291,w3hrawAcBvrj4gjf4SKf,['kopi'],True,False
3292,w4RROJgkeRiKqY1YuRF3,['teh'],True,False
3293,w5EKxAtMpI242GG6rFkf,"['penyetan', 'ayam goreng', 'gorengan']",False,False
3294,w5KZVG4oMGj2GkNCsKOd,['es batu'],True,False
3295,w61KUG1SpnFVcMN4xNvd,['cireng isi'],False,False
3296,w6iWvFk8RoIhB9zmCMP9,['penyetan'],False,False
3297,w6s2t7cSioehpXjJ5sde,"['penyetan', 'penyetan', 'risol mayo', 'teh', 'air putih', 'french fries']",False,False
3298,w79o8AhNmo1DsJHHWwWr,"['kopi', 'kopi', 'penyetan', 'air putih']",False,False
3299,w9lIat9aNcvjxZzYs2ah,"['sayur harian', 'sayur harian', 'tahu krispy', 'kopi', 'air putih', 'gorengan']",False,False
3300,wBgqNnp9uAjADrhreuS3,['kopi'],True,False
3301,wCEuVN30q3gaRBPkC7wm,['es krim'],False,False
3302,wDp4mWTerQoHhTSbNWdQ,['risol mayo'],True,False
3303,wDu2KEHVTw4GWFz77qDU,"['penyetan', 'penyetan', 'sayur harian', 'es jeruk', 'risol mayo', 'french fries']",True,False
3304,wEzlHqcX13yVcphJhkVt,"['sosis goreng', 'teh']",False,False
3305,wFkIlpFaah1RWe5ScQGb,['air putih'],True,False
3306,wGQ3rJi6Aarde1LW5Pdt,"['teh', 'mie']",False,False
3307,wHmLBRrTTz0WDf5Mj3th,['teh'],False,False
3308,wHrIFZBBtGdVPZ1Y2aPf,['cireng isi'],True,False
3309,wIfrU7MmXCcm5xqgt8Nr,"['float', 'float']",True,False
3310,wJcoRsAhsiVBHg0sXLYZ,"['mie', 'mie', 'teh', 'cireng isi']",True,False
3311,wJlDmU3kEmxkhVFStyHP,"['cireng isi', 'sosis goreng', 'tahu krispy', 'teh']",True,False
3312,wKjt4xQPIAjXmyC921VA,"['kopi', 'sosis goreng']",True,False
3313,wLPV2O01ypMbsYwxWByK,['kopi'],False,False
3314,wLkgd4qUULjPumLBMm80,['teh'],True,False
3315,wQOCcrSZ7hlyPbAnkrnR,"['penyetan', 'risol mayo', 'teh']",False,False
3316,wSyUIPBVyZJeXNW6kzZ6,['float'],False,False
3317,wTb0aFnieDHDVs4n62uT,"['penyetan', 'teh']",True,False
3318,wV69I5CyJhU0DSXkC83e,['float'],True,False
3319,wWA8PHVvIYuriUThEODS,['kopi'],False,False
3320,wWqnR2TkvvANSQRv9cGi,"['teh', 'gorengan']",True,False
3321,wWsxQi3UHz0paNOcgBc8,"['penyetan', 'cireng isi']",False,True
3322,wXUNpmfYAcO6hlUQIPzU,"['cireng isi', 'gorengan', 'kopi']",True,False
3323,wXpdWP4WrHPA8NVYEsRt,['float'],True,False
3324,wYC1G6TBqTG6njqNtyFp,['es krim'],False,False
3325,wZmVYFpGPvo4VxMRjnbh,['es batu'],True,False
3326,wZxBB32frlh7XuzuQf0h,['mie'],False,False
3327,wb5Xi01X3YNQ70VCU7Er,"['float', 'risol mayo']",True,False
3328,wdDlK8hm5rw42CMelB2g,['kopi'],True,False
3329,we92ghA1RmEKQc0I5G0f,"['mie', 'mie', 'nasi putih', 'sosis goreng', 'gorengan', 'float']",False,False
3330,wfE8tnNIiHDtGRgOjYvU,['risol mayo'],False,False
3331,wfXXGrfcF8Z1GEw2VwYQ,['gorengan'],False,False
3332,wfpL53Fn2yVI1TJjfPUz,"['teh', 'float', 'risol mayo', 'tahu krispy', 'penyetan']",True,False
3333,wh8zUxlv7jaKW5ghWibJ,"['risol mayo', 'gorengan', 'teh']",False,False
3334,whFXKn5vR6LWWh9JiJ6V,['sosis goreng'],True,False
3335,wiXh77HaciCFRXZ6r6GB,"['teh', 'gorengan']",False,False
3336,wlVdC8RllZSMz0XmFPtj,"['penyetan', 'teh']",True,True
3337,wm41twmA3EFnXrgmyycN,['pisang coklat keju'],False,True
3338,wnERnmj0KdYUfENPqR9a,['float'],True,False
3339,wqPNHX05vvDULcle6fGc,['cireng isi'],True,False
3340,wqUkmpSx87Ml50LBegTx,"['risol mayo', 'gorengan']",True,False
3341,wqZK58ojV6VCWJiHLE4I,"['nasi goreng', 'gorengan']",True,False
3342,wqnmUodtat7lRT7nt3S6,"['kopi', 'sayur harian', 'gorengan']",True,False
3343,wrJWr23dnPS4RhzZk998,"['nasi goreng', 'risol mayo', 'kopi']",True,False
3344,wsgWFtblftYkMCcydLRk,"['gorengan', 'risol mayo']",False,True
3345,wt95Tl9Ez086ecXIvOOf,['mie'],False,False
3346,wu3NAVcWYKr5R5jpDThJ,['penyetan'],True,False
3347,wvbxoXNetyb4Kw7F9k0C,['telur'],True,False
3348,wwGWUItAUmJb92BriAQx,['sayur harian'],False,False
3349,x0RAZEz4qBP3tm3bRU1z,['teh'],True,False
3350,x0tNw2kBcOWvuXITmXR1,"['teh', 'penyetan', 'gorengan']",True,False
3351,x1eLF1ASnE4rNpqs6Ibm,['gorengan'],True,True
3352,x1wKn5VHvJf0wnRNL64o,['risol mayo'],False,False
3353,x5uuRrAIm9ZVTUbLxHKi,"['penyetan', 'cireng isi']",True,False
3354,x61gFIvOCzsNSAfdKJJm,['mie'],False,False
3355,x6uXqHJ1VliQ2HH9FYyp,"['cireng isi', 'risol mayo', 'kopi', 'kopi']",True,True
3356,xBfeKCtCOJzEY0oDe4kX,"['penyetan', 'gorengan']",False,False
3357,xCJQafx1ZQcidtcGL4wc,"['teh', 'es jeruk']",True,False
3358,xCPNfKtR2S4nC19oTMSR,"['float', 'tahu krispy']",True,False
3359,xCQIsmgbmP4OvlvDeCAF,['gorengan'],False,False
3360,xE9hD4jrgnuPodk0mum7,['kopi'],True,False
3361,xEeau4Q4dRKjWxvhyOY1,['risol mayo'],False,False
3362,xEeh8188J7hSW7FU27Is,['mie'],True,False
3363,xEfAoAeY77B0uaU4t9QS,"['cireng isi', 'teh']",True,False
3364,xKzY6GpPauaLDWFTRDjq,['air putih'],True,False
3365,xO6ghJBqYP9e1v6NyW4B,['pisang coklat keju'],True,True
3366,xP8oBvVph47JzlYhw9Gw,"['penyetan', 'sayur harian']",True,True
3367,xR6MhwROZ3HHTOXnAA92,['cireng isi'],True,False
3368,xRgiKziKj6H81xpfCWGQ,['float'],True,False
3369,xSbjJaVnUJ0nsEtzcEEu,"['penyetan', 'penyetan', 'risol mayo', 'teh']",True,False
3370,xUKtVxjfn1zAQ5t8KXTg,['nasi goreng'],True,False
3371,xUQKk7HswiuDDU0B3Vrh,['risol mayo'],False,False
3372,xV6b03UnzJC7gx05zXWd,"['penyetan', 'teh', 'cireng isi']",False,False
3373,xVFjU3USyUt2b5QedEJ3,['risol mayo'],True,False
3374,xVubSGfpfTyXeRThJres,"['float', 'cireng isi', 'gorengan']",True,False
3375,xWNB89dxqPA13fzujtJO,"['float', 'es jeruk', 'risol mayo', 'french fries']",True,False
3376,xWgItoVdbJtC22cW1Cyc,['float'],True,False
3377,xZBO1eesCgFZDFVgNF8h,"['air putih', 'es jeruk', 'risol mayo']",True,False
3378,xc3K0XteHXXeDAYbvI42,['risol mayo'],False,False
3379,xdSOQUykK9RWP9lZ1NwF,"['float', 'kopi']",True,False
3380,xdzvsujuZYP890qBaH2v,['sosis goreng'],True,False
3381,xe7STVI98HlBTaew5uvl,"['mie', 'float']",False,False
3382,xeejjCqMmsjgY1BdoWx8,['cireng isi'],False,False
3383,xf8Qklj0Glrg4CNflRik,"['cireng isi', 'risol mayo']",False,False
3384,xgELHWVCGC21kDZOHMWC,['penyetan'],True,True
3385,xgFkSIKWtBHyj67y15tx,['kopi'],True,True
3386,xgl1Cna1H7lKl4XZMRlV,"['nasi goreng', 'penyetan', 'kopi']",True,False
3387,xh5D5BwabfESX2JwZ32n,"['kopi', 'sayur harian']",False,False
3388,xi2N9wDDtYYc1wNQWSGR,['gorengan'],True,False
3389,xkTnokP21Jx7WzJCNh8v,"['float', 'es jeruk', 'risol mayo']",False,False
3390,xlDQgB9JrbHCJnpEtLwN,['float'],True,False
3391,xliCH3RXhetQ4nkSO6CB,"['mie', 'cireng isi']",False,False
3392,xpDz54YWstns541t9GwD,['gorengan'],False,False
3393,xqJoM7hJreKrb9hnnexw,['kopi'],True,False
3394,xqY5KNpgbxh0WhJE53t8,['air putih'],True,False
3395,xqqVEoYxmfbIDEwQpZK6,"['gorengan', 'cireng isi', 'es jeruk']",False,False
3396,xubIxuP4rdkebp0MMVmL,['gorengan'],True,False
3397,xvCLEjRjMJtTl4dZq9z9,['sayur harian'],True,False
3398,xw3YQEQEQvaCo4HQoEkI,['french fries'],True,False
3399,xxtX8segEXebDeVJYdiN,['penyetan'],True,False
3400,xySiuofsDkZxa59Ydx8H,['mie'],False,False
3401,xymG9D6ZTxUc5JI7u1AO,"['nasi goreng', 'telur', 'penyetan', 'es jeruk', 'teh', 'sosis goreng', 'cireng isi', 'cireng isi', 'risol mayo', 'risol mayo', 'gorengan']",True,False
3402,xyxg3r8ar4ls8l4IE7As,['mie'],False,False
3403,xyzkiW8NrBvb3c1Sk2sW,['es krim'],True,False
3404,xzUmeIsnoZ4Owq4jz3Fm,"['risol mayo', 'gorengan']",True,False
3405,y0N2EUYTqX7J4SPOR22M,['float'],True,False
3406,y0qD7Mcg3jOWm6EchnLi,"['kopi', 'cireng isi']",False,False
3407,y3Adqi1KCaFEhIMEtzd7,['kopi'],True,False
3408,y5zdxVedI9dHV0Nfo2CL,"['kopi', 'kopi', 'kopi']",False,False
3409,y7491rMWEzRT0ZOwAgub,"['mie', 'gorengan']",False,False
3410,y7zyDGCktWxeUj07MD36,"['sayur harian', 'es jeruk']",True,False
3411,y8HpXMXFAJag4L72Rw9F,['es jeruk'],True,False
3412,y93cjEmDB5vtxQ99Sg6n,"['penyetan', 'es jeruk']",True,False
3413,y9PkX03hkopJOITB0Zvq,"['penyetan', 'mie', 'es jeruk']",True,False
3414,yAWJgDTzgDQTALqpbTZa,"['penyetan', 'teh']",True,False
3415,yBcX7sOxXbGvLB0bu3Le,"['mie', 'cireng isi']",True,False
3416,yD3ynsmPQ5yChjCNRu3L,"['penyetan', 'teh', 'pisang coklat keju']",True,False
3417,yD9SUlao7VIxx15qwAdY,"['penyetan', 'es jeruk']",True,False
3418,yDVEVCZ43QlaNoQTnu8g,"['sayur harian', 'gorengan', 'gorengan', 'french fries', 'air putih']",False,False
3419,yEMEPnAdNxpV0gaaw8Zn,"['penyetan', 'penyetan', 'penyetan', 'mie', 'mie', 'teh', 'gorengan', 'tahu krispy', 'french fries']",True,False
3420,yHeodWLASz3SoTvRLGjw,['penyetan'],True,False
3421,yJ2vT9vRNkmAtIdv4EQS,['gorengan'],True,False
3422,yKPazNd3aWFjorHB5HEW,['cireng isi'],False,False
3423,yKets9pbEj72jyg6RSOf,"['penyetan', 'kopi']",False,False
3424,yOqzc4bbxqcEssGw7pao,"['risol mayo', 'cireng isi']",True,False
3425,yP4rYtAlFWaqIpCy4qUU,['risol mayo'],True,False
3426,yPTrgQaq90okHW7rTCcP,['cireng isi'],True,False
3427,yPX1ZQ1ZA5o4jFMrAIyc,['mie'],False,False
3428,yQbC9IaZ1t4sPBqhw8vm,['teh'],True,False
3429,yRFe6i31WclyELWdlJew,['risol mayo'],True,True
3430,ySR9xiFcyxdIYW6TIh06,"['cireng isi', 'kopi', 'pisang coklat keju', 'float']",True,False
3431,yTFHXH9mbM07vKXTTc2l,"['es jeruk', 'french fries']",True,False
3432,yTjOU8mV3vGHMbGedJRZ,"['ayam goreng', 'es jeruk', 'sayur harian']",False,False
3433,yU0qzWADk3hgpmpdDstN,"['nasi goreng', 'teh']",True,False
3434,yUctfgWfB41XhMyqr9BQ,"['cireng isi', 'teh']",False,False
3435,yVoR8IraZtkatCxvrIJi,['nasi goreng'],True,False
3436,yVvTyqEtaaVs1LZe5Tpl,['mie'],False,False
3437,yXk5yZ07y1TSK5UrzhA5,['mie'],False,False
3438,yXprA6Rxhy74jVBXNKDG,['gorengan'],True,True
3439,yYIV7A36mckzat60XUDe,['gorengan'],False,True
3440,yYtr4YeCg1jtWjRjswMq,['es krim'],True,False
3441,yb5Cm6KOuD2fYsbetfeF,"['nasi goreng', 'kopi']",False,False
3442,yc0NTfpAxFZJTElWfZoc,"['mie', 'teh']",True,False
3443,yc2WGe0POmk7Fvi2XZO9,"['penyetan', 'teh']",True,False
3444,ycuwYIfgej3KhDdkc2Es,['teh'],False,False
3445,yeMw4Z2DjY6dbSC3cx0R,"['penyetan', 'teh']",False,False
3446,yfEieM32FKV5ViVW6qd8,['risol mayo'],False,False
3447,ygEJC70eKX1K9JsCp1p5,['mie'],True,False
3448,ygP9sDbO5lkAqjdfRM1I,"['penyetan', 'sayur harian', 'gorengan', 'es jeruk']",True,False
3449,yiBzHsLjUAp9eoNLRgvi,['float'],True,False
3450,ykFwOgWdp16RZUhVJiGf,"['risol mayo', 'teh', 'pisang coklat keju']",False,False
3451,ykoAOAavVaeJ3YoxDP4s,"['sayur harian', 'teh']",True,False
3452,ym1MJOJrSVjiZnWETZXL,"['risol mayo', 'penyetan', 'teh', 'kopi']",False,False
3453,ym2gb9c0pbiGCUhXde8G,"['gorengan', 'cireng isi']",True,False
3454,ymZKdSFuOo2EUvL6SyrL,['teh'],True,False
3455,ymu0kLDEAtSmyl6nKeR2,['sayur harian'],True,False
3456,ymyX9HDd0NTnccv8Mify,"['mie', 'mie', 'teh', 'cireng isi', 'mie', 'sosis goreng']",True,False
3457,yotv0deJhjrHDTIrOJt7,"['tahu krispy', 'es jeruk', 'gorengan']",True,False
3458,yozUIQywILJdPDcJufgg,"['nasi goreng', 'tahu krispy']",True,False
3459,yqJ0UVZWBWezz1bh2oOt,"['sayur harian', 'es jeruk', 'risol mayo']",True,False
3460,yr8bJZ574XRNWT8cDbar,['float'],True,False
3461,yrvH0KfvTujjJPU8ARsX,"['float', 'risol mayo', 'gorengan']",True,False
3462,ys5TJUcFvbPBJNG9HF4V,['gorengan'],True,False
3463,ysfnyLHPHShAc3E651xq,"['penyetan', 'air putih']",True,False
3464,ysnwkqtLC6hhjSXgKbdS,['air putih'],True,False
3465,ysvLVI5aPS8lGaGPSMH5,"['nasi goreng', 'float']",True,False
3466,ytBydrZw145H87r8EW2j,"['sayur harian', 'gorengan']",True,False
3467,yvCp4GvnQgxIuChVl5Br,['es krim'],False,False
3468,ywSFrzpIMKxBzdvSgJ3L,['cireng isi'],True,False
3469,ywx1MQO53yjV938pVkyf,['kopi'],False,False
3470,yxZtmvQC62p0uXiJGJGy,['float'],True,False
3471,yytm3VF4pLAmABNF42EB,"['float', 'kopi', 'french fries']",True,False
3472,z2aypwKMvNt2sWeNSbnt,"['penyetan', 'pisang coklat keju']",True,False
3473,z3qBivW656EEXU9HRDKO,['cireng isi'],True,False
3474,z3qpfo5xNjCOJCKPo86b,"['kopi', 'nasi goreng']",False,False
3475,z4gellgvlpX9T3VqO3m5,"['cireng isi', 'risol mayo', 'teh']",False,False
3476,z58GPOq2cctOTDQo7d6g,['kopi'],True,False
3477,z5M96FMAzmZIlO7THio7,"['mie', 'teh', 'pisang coklat keju', 'tahu krispy']",False,False
3478,z6MKBKjgCmvPpPvaEaYU,"['pisang coklat keju', 'risol mayo', 'gorengan']",True,False
3479,z6PuRRRCt2Evk5Uq1Q3Z,"['mie', 'teh']",False,False
3480,z70aeUNTVKVS7aLJVuna,['es jeruk'],True,False
3481,z7DARQ5GVCv25Zk70y34,"['kopi', 'air putih']",True,False
3482,z8UuyTcHbC6sK3JqGreG,"['kopi', 'cireng isi']",True,False
3483,z8bmB6JUvL4O8vjUfFuk,['kopi'],True,False
3484,zAeaU5gIxEPP5FRFy5tD,['es krim'],True,True
3485,zAfEOIOESfYc0q5X3wii,['mie'],True,False
3486,zBFrQCNuIpk1Ox9n2NFn,['kopi'],True,False
3487,zBZcZsSFuNMpQ4ggrGaD,['kopi'],True,False
3488,zD6gEp1CpHeKJxlyjjP2,"['gorengan', 'kopi']",True,False
3489,zI6OKM8VRKqrXfx6qrMM,"['kopi', 'sosis goreng']",True,False
3490,zIdDwO9RgyNbN1Y4tCLq,['gorengan'],True,False
3491,zLSX8uOJeZ0wAgt7NNYX,['risol mayo'],True,False
3492,zLUjWPXTTXICIGGQTuDi,['kopi'],True,False
3493,zN3uQze4yDGjfs5Ctvgh,"['sayur harian', 'kopi']",True,False
3494,zNpgUyDI1C8rNriCGejS,"['nasi putih', 'cireng isi', 'risol mayo']",True,False
3495,zOkENw9c6ag3SszEurnW,['sayur harian'],False,False
3496,zPrQBvHIwu4BwWT1PnyS,['gorengan'],True,False
3497,zQQp7t9Pq4HAwrUcxJvG,['kopi'],True,False
3498,zQYJfAhh6KfYlSAOjGt8,"['penyetan', 'es jeruk']",False,False
3499,zTzVxfu87Va3k3sZE6Ab,['penyetan'],False,False
3500,zUb6ZbVkXiLSEKAL3kac,['teh'],True,False
3501,zWQS7FY3WlKPBGLFw3GH,"['risol mayo', 'teh']",True,False
3502,zZJSUlOEVRXWmjedJ1KK,['gorengan'],True,False
3503,zaVtJeyoCLg1GCL3VqFN,"['mie', 'nasi putih', 'risol mayo', 'teh']",True,True
3504,zaZ2QxEMvqCFTX2IeyDg,"['sayur harian', 'teh']",False,False
3505,zdLTDb32GTaQ1CC7u7OH,['kopi'],True,False
3506,zfvdXsfQO3frs2fS5yJV,['sayur harian'],True,False
3507,zh3SEHOAkIYyerugBJnS,"['gorengan', 'cireng isi', 'float', 'risol mayo']",False,False
3508,zkYyyWatKQmJcSVmg3KP,"['nasi goreng', 'kopi', 'gorengan']",False,True
3509,zmkibsTaVZJJJJIKoy2z,"['kopi', 'teh', 'es jeruk', 'penyetan']",True,False
3510,zoIRcIVix8ZpH0r8uyLU,['mie'],False,False
3511,zp03qP71nX7qvhYgP6Qx,['risol mayo'],True,False
3512,zpRcg4Pupf3NbD5AyUU4,['cireng isi'],True,False
3513,zpfUjXqjaMRw06HlDk6R,"['teh', 'risol mayo', 'sosis goreng']",True,False
3514,zqHy37rgjUTC90U15jU6,"['sayur harian', 'kopi']",True,False
3515,zrbD5fIPTSTujsrnxcsj,['teh'],False,False
3516,zvL5gMGkSTu62GxZppCB,['float'],False,False
3517,zxLaOSOOv5itszHSDaWc,"['es krim', 'sosis goreng']",True,True
3518,zzOSgWK4N9ij8ZCE0or8,"['nasi goreng', 'cireng isi', 'gorengan']",True,False
3519,zzSRwjzqVOagJfSrXNqs,"['mie', 'tahu krispy', 'float']",True,False
3520,zzUm4GoBKR05GWJcYdEN,"['mie', 'nasi putih']",True,False
